id,username,password,first_name,last_name,email
1,cfeatley0,3Ze9fsvpb6Pj,Cherin,Featley,cfeatley0@furl.net
2,jmccarroll1,LhzUA07E4,Jamal,McCarroll,jmccarroll1@weather.com
3,eleaney2,W377dKv0trA,Emili,Leaney,eleaney2@webs.com
4,emcbeth3,dm2u8r5GtF,Enrica,McBeth,emcbeth3@blogger.com
5,ckentwell4,exMSM9Ppv,Ceciley,Kentwell,ckentwell4@dailymotion.com
6,jkerins5,mHLqSkgBV,Jacinda,Kerins,jkerins5@huffingtonpost.com
7,igilcriest6,WVJQghrvKM9J,Ilysa,Gilcriest,igilcriest6@nytimes.com
8,ggoolden7,pKHUvj,Gannon,Goolden,ggoolden7@washington.edu
9,akoomar8,lM3BR6ZmuA,Antons,Koomar,akoomar8@bloglovin.com
10,wwrigglesworth9,xipxi3pMpq,Winnie,Wrigglesworth,wwrigglesworth9@tiny.cc
11,gcamillia,WP1zQ0yZaay,Gaylor,Camilli,gcamillia@newyorker.com
12,ksemoradb,qFqAZyWZf,Kirbee,Semorad,ksemoradb@sogou.com
13,cstovingc,EhNWrLbaa3Hj,Cyndi,Stoving,cstovingc@latimes.com
14,eblankenshipd,mWP86n0sDWsQ,Elroy,Blankenship,eblankenshipd@ox.ac.uk
15,apille,9O3mpNK,Alane,Pill,apille@skyrock.com
16,sspaxmanf,wFjXYcPHV,Stephannie,Spaxman,sspaxmanf@unicef.org
17,jridolfig,iaERmQZ,Junie,Ridolfi,jridolfig@bandcamp.com
18,nculloteyh,wZTorzN,Nappy,Cullotey,nculloteyh@illinois.edu
19,omatyushonoki,djPvRgg,Olga,Matyushonok,omatyushonoki@kickstarter.com
20,memberyj,j6Kck2DCPh,Miguel,Embery,memberyj@geocities.jp
21,gcalek,5DzUWQryT3c,Gillan,Cale,gcalek@tumblr.com
22,lcolumbinel,ddPojdmK3,Lucky,Columbine,lcolumbinel@amazon.de
23,fdewittm,5u98YcGTTGs,Federica,Dewitt,fdewittm@prweb.com
24,kcockaynen,QqiUvf8C0T,Kally,Cockayne,kcockaynen@scribd.com
25,dtraharo,n9FF7G31rr,Dorrie,Trahar,dtraharo@ow.ly
26,mmarietonp,FrJcCOqQBpA6,Mickey,Marieton,mmarietonp@bloomberg.com
27,hmullinsq,4IIkgJHw,Hilario,Mullins,hmullinsq@furl.net
28,rbeechenor,eNo3A4GzZG,Ric,Beecheno,rbeechenor@stumbleupon.com
29,bbulfields,27CxHDt,Briny,Bulfield,bbulfields@vk.com
30,edidballt,t5t4cV,Emory,Didball,edidballt@columbia.edu
31,mwondrascheku,Vf2BcKjpnE,Merrie,Wondraschek,mwondrascheku@phpbb.com
32,ttolletv,n5Qxm7GC,Thor,Tollet,ttolletv@google.it
33,bbeatenw,89cN0UC1A,Bear,Beaten,bbeatenw@statcounter.com
34,bhandscombex,vrNa1I,Barrett,Handscombe,bhandscombex@businesswire.com
35,fferrillioy,5tZOMrT21,Felicia,Ferrillio,fferrillioy@nytimes.com
36,adifriscoz,otdqGONo,Allegra,Di Frisco,adifriscoz@scientificamerican.com
37,emacallester10,j1sAVfk1GI,Edsel,MacAllester,emacallester10@buzzfeed.com
38,dblanch11,1qdBRLnQZrQ,Daphne,Blanch,dblanch11@wufoo.com
39,dburgwyn12,zLle2YHq3,Delila,Burgwyn,dburgwyn12@amazon.com
40,nseathwright13,aS9biMD,Nessie,Seathwright,nseathwright13@dmoz.org
41,kisakson14,HxezQX8h,Kiley,Isakson,kisakson14@gizmodo.com
42,mpittam15,kK1wJdAtAN,Magdaia,Pittam,mpittam15@unc.edu
43,athorrold16,XbgnR5x,Alameda,Thorrold,athorrold16@fema.gov
44,pmcgurgan17,ixss2RP9Jdv,Paco,McGurgan,pmcgurgan17@army.mil
45,sroycroft18,4hs0YnUyD,Sabina,Roycroft,sroycroft18@omniture.com
46,hsparkwell19,TMKXGk,Harri,Sparkwell,hsparkwell19@1und1.de
47,ilivock1a,QdQUmQZGCKBz,Ina,Livock,ilivock1a@geocities.jp
48,sseven1b,yBhYCwCOrVj,Sarajane,Seven,sseven1b@hibu.com
49,esalmond1c,WRYeXex2IZsx,Erminia,Salmond,esalmond1c@yellowpages.com
50,lsabine1d,KiQJOx0W,Linnell,Sabine,lsabine1d@instagram.com
51,bcross1e,UCUZisd,Brice,Cross,bcross1e@intel.com
52,lwalpole1f,FExxHIHX,Loree,Walpole,lwalpole1f@mapy.cz
53,jstrephan1g,tGk2M8rWCLbs,Jocko,Strephan,jstrephan1g@boston.com
54,egilsthorpe1h,2I7VJwzOA,Ellyn,Gilsthorpe,egilsthorpe1h@toplist.cz
55,nclifforth1i,cT4AvCGHo6,Nathaniel,Clifforth,nclifforth1i@jugem.jp
56,bgregoraci1j,8ehRUf3xJ4W,Barrett,Gregoraci,bgregoraci1j@wired.com
57,mdivver1k,MaYN21Sy1erp,Maribel,Divver,mdivver1k@amazon.com
58,hhopfer1l,ecB6RoXn765,Harbert,Hopfer,hhopfer1l@china.com.cn
59,pparadis1m,q7MYKuE,Pearce,Paradis,pparadis1m@yellowpages.com
60,dsmittoune1n,qXv6qR,Donella,Smittoune,dsmittoune1n@jugem.jp
61,fsalan1o,nE9RIVJ,Florence,Salan,fsalan1o@macromedia.com
62,bwarmisham1p,buWW6FEMHt,Bern,Warmisham,bwarmisham1p@google.de
63,efeighney1q,wTP9oADR6Qe,Elise,Feighney,efeighney1q@mashable.com
64,asoutter1r,ZT2GMlWd6,Arden,Soutter,asoutter1r@elpais.com
65,somand1s,vIOathWtnA,Sergei,Omand,somand1s@blogs.com
66,spouck1t,fyCq9UObh,Sharline,Pouck,spouck1t@barnesandnoble.com
67,ksemor1u,cmuAezNj,Kinna,Semor,ksemor1u@army.mil
68,aserrell1v,Hyxbfg9,Almire,Serrell,aserrell1v@seattletimes.com
69,daccombe1w,kgIOTrdZkt,Dulcia,Accombe,daccombe1w@ovh.net
70,aragbourn1x,iuhI8E,Allina,Ragbourn,aragbourn1x@slideshare.net
71,mkilby1y,SriuPojPRI,Mandi,Kilby,mkilby1y@histats.com
72,ltranmer1z,z0hs5vON9v,Lyman,Tranmer,ltranmer1z@vinaora.com
73,pmalt20,JtIT9ECSt,Pall,Malt,pmalt20@reuters.com
74,rabrahamsen21,ZOwKkivk,Radcliffe,Abrahamsen,rabrahamsen21@cnbc.com
75,crideout22,s6XPTL0VPL,Cathe,Rideout,crideout22@twitter.com
76,hkeenor23,hJAvb6VP,Hilarius,Keenor,hkeenor23@jigsy.com
77,pmartineau24,TWr5lEkT78Sw,Pattin,Martineau,pmartineau24@scribd.com
78,jfarnill25,eGSmzmTP7,Jaquenette,Farnill,jfarnill25@newsvine.com
79,gcheasman26,ymXo0Y,Georgie,Cheasman,gcheasman26@blogspot.com
80,mmacrannell27,4y45OL,Marlena,MacRannell,mmacrannell27@deliciousdays.com
81,rdew28,byTLAuvl5HU,Rusty,Dew,rdew28@about.com
82,hhail29,wIozw1kKJ,Halette,Hail,hhail29@163.com
83,whebbard2a,NMCNLz4oc,Walker,Hebbard,whebbard2a@unc.edu
84,cmcquilliam2b,kpZb37,Catrina,McQuilliam,cmcquilliam2b@linkedin.com
85,arounsefull2c,42NMpE1,Alica,Rounsefull,arounsefull2c@com.com
86,spakenham2d,r3mFVZ,Stephanie,Pakenham,spakenham2d@dagondesign.com
87,emapledorum2e,pEt9VWkVc,Eryn,Mapledorum,emapledorum2e@4shared.com
88,kkielt2f,CYoa4gbUtsT,Kenon,Kielt,kkielt2f@zimbio.com
89,fceresa2g,S4DaxHmgBD,Florence,Ceresa,fceresa2g@miibeian.gov.cn
90,vknowlson2h,MUS2GFwTt,Vaughan,Knowlson,vknowlson2h@nature.com
91,khobson2i,KxY36t9J09j,Kelwin,Hobson,khobson2i@joomla.org
92,rcanti2j,9avGYXX07U,Rudie,Canti,rcanti2j@ocn.ne.jp
93,okingswood2k,fOzLQx,Olympia,Kingswood,okingswood2k@infoseek.co.jp
94,ashawyers2l,oXT7YG9ElTM,Audry,Shawyers,ashawyers2l@npr.org
95,mbrattan2m,BDQ0lhtyX,Meriel,Brattan,mbrattan2m@nyu.edu
96,mmarritt2n,fPDvkHjozTn,Meier,Marritt,mmarritt2n@google.fr
97,kasplen2o,uIK6vo,Kelila,Asplen,kasplen2o@google.cn
98,isuttling2p,kmmrCJvZK8,Ilario,Suttling,isuttling2p@smugmug.com
99,gmynard2q,N6tcdEUoPU,Gilbert,Mynard,gmynard2q@shinystat.com
100,cgoodee2r,CaP6Bm0pht,Cornall,Goodee,cgoodee2r@4shared.com
101,rcage2s,4vatlNRBn,Rowan,Cage,rcage2s@msn.com
102,ctirrey2t,wKHA8XYquu,Casey,Tirrey,ctirrey2t@state.gov
103,loldacre2u,8lhwatN5,Lief,Oldacre,loldacre2u@gravatar.com
104,ggregorace2v,hYbssBIVaDD,Grace,Gregorace,ggregorace2v@slideshare.net
105,rbeament2w,eINnwV,Ronalda,Beament,rbeament2w@bbc.co.uk
106,ccallum2x,kouOYHqUlah,Constantine,Callum,ccallum2x@clickbank.net
107,rfrandsen2y,7S4W2ZyZiCT,Rozamond,Frandsen,rfrandsen2y@ox.ac.uk
108,wtandy2z,kXcuxrdLH,Willi,Tandy,wtandy2z@twitter.com
109,asheed30,TUVy3tG,Alie,Sheed,asheed30@fastcompany.com
110,bjaspar31,psuNb7yzurz3,Briant,Jaspar,bjaspar31@eepurl.com
111,pallatt32,vyYNZicYWLH,Patrizius,Allatt,pallatt32@networksolutions.com
112,ehuxton33,CIswET,Eberhard,Huxton,ehuxton33@go.com
113,bpitcaithley34,hzuUB7OO,Beret,Pitcaithley,bpitcaithley34@paypal.com
114,tglisenan35,3CP4NqbV,Tessie,Glisenan,tglisenan35@whitehouse.gov
115,redbrooke36,8PyJ4qlU,Robinette,Edbrooke,redbrooke36@digg.com
116,godonnelly37,HEU8la0ddP,Gail,O'Donnelly,godonnelly37@fema.gov
117,lpeckham38,6KCnfBGGG,Lian,Peckham,lpeckham38@fc2.com
118,dblanchette39,fWOfu1CQ9Ld,Dalenna,Blanchette,dblanchette39@slate.com
119,fengall3a,AqzRgz,Freddie,Engall,fengall3a@posterous.com
120,lartist3b,jClv4Rj3,Lebbie,Artist,lartist3b@wikipedia.org
121,leidelman3c,14Z1RSvyad,Libbi,Eidelman,leidelman3c@ifeng.com
122,dschulke3d,DZey6Q,Dionne,Schulke,dschulke3d@amazon.co.uk
123,kcoyle3e,Jp2sb2,Kirk,Coyle,kcoyle3e@tuttocitta.it
124,mfranckton3f,PaUIsHLMH9P,Minne,Franckton,mfranckton3f@lycos.com
125,csisneros3g,abVO5M4ncNQ,Carling,Sisneros,csisneros3g@nymag.com
126,twattinham3h,OArmsaY,Tadeas,Wattinham,twattinham3h@webeden.co.uk
127,dfrick3i,qfKbJtJwdDJ,Damaris,Frick,dfrick3i@google.com
128,cgierck3j,64eDibrWbw5,Collete,Gierck,cgierck3j@miibeian.gov.cn
129,aspooner3k,7SeRrQkIw,Arabelle,Spooner,aspooner3k@nydailynews.com
130,mpentecust3l,EhZ8DZL0pzy2,Mag,Pentecust,mpentecust3l@hc360.com
131,kzamorrano3m,8NdvrGfeZDo,Kerry,Zamorrano,kzamorrano3m@stanford.edu
132,eescolme3n,FWKsBQ0TF,Emmanuel,Escolme,eescolme3n@cyberchimps.com
133,hcallaghan3o,oBU131j,Heloise,Callaghan,hcallaghan3o@google.nl
134,rcambridge3p,aX1lPLrlc,Rafaello,Cambridge,rcambridge3p@fotki.com
135,vspillane3q,LvpatG33e,Viki,Spillane,vspillane3q@hp.com
136,merbain3r,2kX54PN8,Maudie,Erbain,merbain3r@pbs.org
137,cmarty3s,LY69ZLO54tg,Corry,Marty,cmarty3s@yellowpages.com
138,elarmouth3t,DbY8U0v,Eugenius,Larmouth,elarmouth3t@sciencedirect.com
139,wmayor3u,AykJz2Ze,Wilie,Mayor,wmayor3u@123-reg.co.uk
140,dbuxcey3v,qM7iJJG4o,Dar,Buxcey,dbuxcey3v@hibu.com
141,fcully3w,otRVsYvSiF,Farley,Cully,fcully3w@1und1.de
142,jwhilde3x,2aSkGmeRn0,Joeann,Whilde,jwhilde3x@biglobe.ne.jp
143,lbathersby3y,X7YkOQq,Lutero,Bathersby,lbathersby3y@spiegel.de
144,dgunby3z,DbkPInY,Desmund,Gunby,dgunby3z@sourceforge.net
145,epolglaze40,LG49Az2J,Ellis,Polglaze,epolglaze40@usatoday.com
146,ngumbley41,F0aoxEbEtb,Nathanial,Gumbley,ngumbley41@adobe.com
147,cubanks42,ZIFNBz,Chandal,Ubanks,cubanks42@virginia.edu
148,pdurand43,Xcek6l3y,Patric,Durand,pdurand43@amazon.de
149,jfrichley44,loruzgjw,Joletta,Frichley,jfrichley44@ocn.ne.jp
150,iaustin45,JIln7yDv,Immanuel,Austin,iaustin45@addthis.com
151,hbiggam46,1NbP30P,Hedi,Biggam,hbiggam46@businessinsider.com
152,lestabrook47,kHayrKqXDAV,Lucias,Estabrook,lestabrook47@fda.gov
153,ifishbie48,X43kZDg,Ingaborg,Fishbie,ifishbie48@livejournal.com
154,atrinke49,tVTKf1,Aurelie,Trinke,atrinke49@ucsd.edu
155,dsauter4a,49pL3kjRf0I,Darsey,Sauter,dsauter4a@sohu.com
156,streversh4b,TBJsTxEf9,Stacie,Treversh,streversh4b@digg.com
157,tordish4c,4aqGY8NX84Dz,Truman,Ordish,tordish4c@imgur.com
158,acraisford4d,OBiRie,Aaren,Craisford,acraisford4d@squidoo.com
159,lpfertner4e,k19FnWunU,Leshia,Pfertner,lpfertner4e@eventbrite.com
160,hladon4f,tFsJVzHT,Humfrid,Ladon,hladon4f@qq.com
161,bmcivor4g,iv6tUl2fJTSK,Bernadine,McIvor,bmcivor4g@wikipedia.org
162,kplomer4h,S63VDcXfFZ,Kerstin,Plomer,kplomer4h@ebay.co.uk
163,rebbings4i,gUzgPHV5,Reeba,Ebbings,rebbings4i@reddit.com
164,gwhaymand4j,VUdg3nh6,Godiva,Whaymand,gwhaymand4j@theglobeandmail.com
165,llerner4k,Emdecyz9OA,Lois,Lerner,llerner4k@chicagotribune.com
166,ndemelt4l,obmLiMo6hZY4,Nevin,Demelt,ndemelt4l@house.gov
167,chuison4m,PFjDw7pM4N,Caroljean,Huison,chuison4m@cdbaby.com
168,cpickervance4n,SXgad3a,Corinna,Pickervance,cpickervance4n@posterous.com
169,cfenning4o,MvvAYIFfazdf,Caresse,Fenning,cfenning4o@tuttocitta.it
170,jmagenny4p,fpq7D7f,Jorey,Magenny,jmagenny4p@taobao.com
171,vbeard4q,76atVA3K6,Valdemar,Beard,vbeard4q@ftc.gov
172,abrewster4r,rZR6D0g,Averil,Brewster,abrewster4r@artisteer.com
173,nkochl4s,e6EVSYY3ra,Nessi,Kochl,nkochl4s@mozilla.org
174,drycraft4t,m6YiV0,Darbee,Rycraft,drycraft4t@goodreads.com
175,bprewer4u,LK7LRr3,Bethanne,Prewer,bprewer4u@aboutads.info
176,tbeach4v,KV8QwsKdKrsV,Torrance,Beach,tbeach4v@msn.com
177,pdempsey4w,bRvRJjJkeFRA,Paulina,Dempsey,pdempsey4w@nytimes.com
178,ebernardin4x,AFgUPMKzDCj,Elbertine,Bernardin,ebernardin4x@imgur.com
179,inelson4y,ChYq8VCrz6f,Ira,Nelson,inelson4y@bandcamp.com
180,gnovic4z,L48vdRLwb8t,Gabriellia,Novic,gnovic4z@multiply.com
181,abloodworthe50,dIoL0Ojlgi,Andeee,Bloodworthe,abloodworthe50@nbcnews.com
182,rfattorini51,RZbfPjT,Rowe,Fattorini,rfattorini51@canalblog.com
183,dgibbeson52,2IkvbGpS,Damaris,Gibbeson,dgibbeson52@mapy.cz
184,dcampey53,PgRwc0u5poQ,Dallas,Campey,dcampey53@hc360.com
185,npettus54,6zB5B7Nxw,Naoma,Pettus,npettus54@ezinearticles.com
186,atoland55,ZXYLdYY1wrox,Anjanette,Toland,atoland55@themeforest.net
187,gboag56,NUgGdN,Gilbert,Boag,gboag56@oaic.gov.au
188,adikels57,Oyn3OmA6Uc,Abigael,Dikels,adikels57@squidoo.com
189,apohlak58,MB3qnKYOwdb,Agustin,Pohlak,apohlak58@oracle.com
190,wlyndon59,3hki850,Westleigh,Lyndon,wlyndon59@nyu.edu
191,umarcome5a,vn0xVm,Ulrich,Marcome,umarcome5a@mediafire.com
192,kfurtado5b,sAbpluA,Kathy,Furtado,kfurtado5b@odnoklassniki.ru
193,vstorror5c,u87NsHc5e,Victor,Storror,vstorror5c@hugedomains.com
194,gdosdell5d,6B4Otfb8wwn,Glynn,Dosdell,gdosdell5d@ted.com
195,dtonsley5e,hOgAinHd9,Dorey,Tonsley,dtonsley5e@ocn.ne.jp
196,ptrevor5f,WqaPHADggc,Pen,Trevor,ptrevor5f@pcworld.com
197,oheaker5g,LCfj7xe,Osmond,Heaker,oheaker5g@pcworld.com
198,rfletcher5h,jriAJw3,Rosie,Fletcher,rfletcher5h@networksolutions.com
199,makester5i,8tU7tdihoJ,Marleah,Akester,makester5i@ox.ac.uk
200,bebanks5j,uvI2Gkj,Bambie,Ebanks,bebanks5j@reference.com
201,hdalgardno5k,q1DngHQI,Hurlee,Dalgardno,hdalgardno5k@vistaprint.com
202,abadland5l,mQw7DjF,Alex,Badland,abadland5l@google.nl
203,lpering5m,mJtg5MoEs1S,Lizzy,Pering,lpering5m@chicagotribune.com
204,ldutchburn5n,Gdcnf7OMVl5,Leigha,Dutchburn,ldutchburn5n@goo.gl
205,drosingdall5o,lhbdv8o4r,Dori,Rosingdall,drosingdall5o@rambler.ru
206,tajsik5p,PXFh564fMx,Torey,Ajsik,tajsik5p@desdev.cn
207,mphlipon5q,nSu3A1Dp,Mignon,Phlipon,mphlipon5q@hhs.gov
208,wballe5r,YZYcctFK4,William,Balle,wballe5r@taobao.com
209,dgladeche5s,rlK0l5t8MSm,Daryn,Gladeche,dgladeche5s@linkedin.com
210,jcathcart5t,c0RvQ4h,Jo ann,Cathcart,jcathcart5t@indiatimes.com
211,jcoleman5u,KZTxdKAkD,Jemima,Coleman,jcoleman5u@sina.com.cn
212,lberkeley5v,It56V7fL3,Lemuel,Berkeley,lberkeley5v@digg.com
213,ccloake5w,fZkrWD,Cam,Cloake,ccloake5w@webnode.com
214,wgerman5x,HsGn4rKCsck,Weston,German,wgerman5x@imdb.com
215,ieisak5y,8otdd5SY9,Ingelbert,Eisak,ieisak5y@gnu.org
216,mfollin5z,e2dbT9SWsZ6,Moore,Follin,mfollin5z@kickstarter.com
217,dwoollends60,py5HoX,Danny,Woollends,dwoollends60@dailymail.co.uk
218,hsancias61,Iy0eq9,Heath,Sancias,hsancias61@bbb.org
219,dbothbie62,pMrrZv1,Deloris,Bothbie,dbothbie62@issuu.com
220,cplante63,pqu8Fl5JiJ,Caitrin,Plante,cplante63@whitehouse.gov
221,bramsbotham64,pmqLDWIWG,Brooks,Ramsbotham,bramsbotham64@seesaa.net
222,oskally65,CyMM5eADNg,Octavia,Skally,oskally65@yandex.ru
223,dpinchon66,0lv3UKYpP,Danila,Pinchon,dpinchon66@cdbaby.com
224,cpawelec67,bbPYWjEEkHEr,Carey,Pawelec,cpawelec67@unc.edu
225,hbrunini68,UQtHr9Sz,Helli,Brunini,hbrunini68@tinyurl.com
226,hmanifold69,CldTDGql,Horten,Manifold,hmanifold69@intel.com
227,aould6a,xDgyV1sIH,Andy,Ould,aould6a@smh.com.au
228,eread6b,J57sgkz5,Ellissa,Read,eread6b@microsoft.com
229,cmattiello6c,fdZkREg,Corty,Mattiello,cmattiello6c@oaic.gov.au
230,ibonifazio6d,fOsGSt79,Ingemar,Bonifazio,ibonifazio6d@umn.edu
231,mbernardotte6e,15RHhh,Meghann,Bernardotte,mbernardotte6e@arstechnica.com
232,mantonutti6f,J8jvTL4qd,Mayne,Antonutti,mantonutti6f@chicagotribune.com
233,cmuat6g,l0JR169V,Calypso,Muat,cmuat6g@biblegateway.com
234,ldutton6h,7DAISBd0,Lief,Dutton,ldutton6h@webs.com
235,ktulip6i,CZE9BX5jeK,Kandace,Tulip,ktulip6i@tripod.com
236,lisland6j,tkifmgh,Land,Island,lisland6j@photobucket.com
237,ccaslin6k,U7qHjUQV8Vs,Cammie,Caslin,ccaslin6k@fema.gov
238,mroofe6l,XvZ58aM,Margalo,Roofe,mroofe6l@marketwatch.com
239,cemor6m,phFr4eAzzi,Corissa,Emor,cemor6m@sohu.com
240,iquarles6n,ERIxY27nyU,Isabeau,Quarles,iquarles6n@comcast.net
241,gquirke6o,gSxRdMiw,Gerald,Quirke,gquirke6o@yahoo.co.jp
242,nhandrek6p,WGCK2wH,Nananne,Handrek,nhandrek6p@addthis.com
243,scolerick6q,8U8stKHM,Siana,Colerick,scolerick6q@yandex.ru
244,jmaykin6r,Zh8qqaIOL,Julee,Maykin,jmaykin6r@xing.com
245,pdrejer6s,mKEgIjGQf,Prisca,Drejer,pdrejer6s@engadget.com
246,fcradock6t,lqkRKPefGT4,Flossi,Cradock,fcradock6t@github.com
247,csargerson6u,QfWqxH,Cody,Sargerson,csargerson6u@sourceforge.net
248,dmateuszczyk6v,L6x3NvLwXO9,Drusilla,Mateuszczyk,dmateuszczyk6v@sina.com.cn
249,ssegar6w,b7Xaxb2R3,Sylvan,Segar,ssegar6w@apache.org
250,ooats6x,YCM14qOpK,Obediah,Oats,ooats6x@networksolutions.com
251,gstokoe6y,hTAsrWqmh,Giustino,Stokoe,gstokoe6y@dion.ne.jp
252,bduffree6z,8m5iG9hY,Brinn,Duffree,bduffree6z@wisc.edu
253,ddemangeot70,Lo62TqP,Diane-marie,Demangeot,ddemangeot70@mit.edu
254,adodswell71,dljK4Rcg,Aurea,Dodswell,adodswell71@naver.com
255,tcyples72,nWvdK21,Tan,Cyples,tcyples72@ezinearticles.com
256,mwoolley73,GZ9TYIa4C5Q8,Marget,Woolley,mwoolley73@scribd.com
257,mcotter74,WD9Twgn,Melinde,Cotter,mcotter74@sina.com.cn
258,mseyffert75,8tqwcO,Melamie,Seyffert,mseyffert75@goodreads.com
259,csanches76,7oyJ7sepp4JQ,Clary,Sanches,csanches76@omniture.com
260,qprobets77,OqLdApt,Quincy,Probets,qprobets77@clickbank.net
261,dshowering78,C0mWWUvcnKU,Dallas,Showering,dshowering78@auda.org.au
262,fwhitley79,2UQKQJ,Felice,Whitley,fwhitley79@facebook.com
263,aalvares7a,mV6pmMJS,Alon,Alvares,aalvares7a@google.nl
264,rfellgate7b,Qe4fJTd,Rock,Fellgate,rfellgate7b@vistaprint.com
265,bcappell7c,yGhjsNUAF,Britteny,Cappell,bcappell7c@nature.com
266,jchominski7d,rw9qwRM,Josee,Chominski,jchominski7d@hhs.gov
267,sdunkerly7e,rpfTTNPGMsN,Sansone,Dunkerly,sdunkerly7e@answers.com
268,cfellona7f,hInBPsYGSP,Camellia,Fellona,cfellona7f@flickr.com
269,cyosifov7g,PIiSxgw,Clarinda,Yosifov,cyosifov7g@shop-pro.jp
270,lpottage7h,Hyh3bt,Lexi,Pottage,lpottage7h@dailymotion.com
271,nbenois7i,ER0FEUFs,Nickolaus,Benois,nbenois7i@shutterfly.com
272,lmilier7j,o3RiRrBfs1m5,Lissy,Milier,lmilier7j@sakura.ne.jp
273,agravenall7k,HLmW3uwW3,Aundrea,Gravenall,agravenall7k@hibu.com
274,rcluely7l,7kN09O,Ramsay,Cluely,rcluely7l@nbcnews.com
275,vkaszper7m,G1QLKb73QX,Vevay,Kaszper,vkaszper7m@cyberchimps.com
276,mcowe7n,1kbvNyRKyt,Margaretha,Cowe,mcowe7n@foxnews.com
277,ggeraldez7o,BGJ9CAdQ,Gris,Geraldez,ggeraldez7o@taobao.com
278,dmandry7p,3HDyzdcEtM0F,Daffi,Mandry,dmandry7p@baidu.com
279,jbaldcock7q,y3KwNiWvs,Joline,Baldcock,jbaldcock7q@wp.com
280,nsandyford7r,1GGpRdV,Nessie,Sandyford,nsandyford7r@redcross.org
281,egallichiccio7s,KLZl0i3vqSgW,Ephrayim,Gallichiccio,egallichiccio7s@berkeley.edu
282,emattimoe7t,k4q8wP2rrrf,Eb,Mattimoe,emattimoe7t@fotki.com
283,mlorkings7u,21j1AJWdT,Madelon,Lorkings,mlorkings7u@newsvine.com
284,roakey7v,lacNAeEDG,Raine,Oakey,roakey7v@vkontakte.ru
285,bchadbourn7w,wcxzh3q9,Barby,Chadbourn,bchadbourn7w@arizona.edu
286,cannell7x,RCbtZa7vs,Cathyleen,Annell,cannell7x@spotify.com
287,spetruszka7y,0LpB9rO,Shell,Petruszka,spetruszka7y@aboutads.info
288,scorsham7z,NcclpvGreE7n,Stanislas,Corsham,scorsham7z@squarespace.com
289,elockhead80,xfCzpjKisJ3,Elisha,Lockhead,elockhead80@cam.ac.uk
290,dklemmt81,a07qLt5,Don,Klemmt,dklemmt81@wsj.com
291,cquinlan82,F2yP1nN,Cristine,Quinlan,cquinlan82@gnu.org
292,vyerrell83,tCIKXeTE4uIO,Violette,Yerrell,vyerrell83@yandex.ru
293,svonbrook84,QZvYS4GRfd,Sloane,Von Brook,svonbrook84@flickr.com
294,dmeneghelli85,KyKTSZwI,Dmitri,Meneghelli,dmeneghelli85@opera.com
295,swallage86,qYlk90BJI8Xi,Sheryl,Wallage,swallage86@google.es
296,kwigelsworth87,OSBwpCaqwQB,Kimball,Wigelsworth,kwigelsworth87@marketwatch.com
297,rgilders88,6wuZtnKplVe,Rollo,Gilders,rgilders88@kickstarter.com
298,mbyre89,Ah2jfpv4,Marla,Byre,mbyre89@noaa.gov
299,scraxford8a,feDLVC3g,Sindee,Craxford,scraxford8a@amazon.com
300,eallett8b,4BbvodRQJfAH,Emile,Allett,eallett8b@meetup.com
301,ykittles8c,X2fKZi4ez,Yoshi,Kittles,ykittles8c@ed.gov
302,mmeo8d,yhuKRDw9Cy,Margarete,Meo,mmeo8d@vimeo.com
303,mleynham8e,5hu3pUQR,Merrill,Leynham,mleynham8e@addtoany.com
304,lthackwray8f,McS1I2YyqqmQ,Leoine,Thackwray,lthackwray8f@time.com
305,adrever8g,tuZZottz,Ardeen,Drever,adrever8g@state.gov
306,alydiatt8h,hljjL3nE,Asher,Lydiatt,alydiatt8h@weebly.com
307,afoltin8i,5Yj7HXbCGz2,Allyson,Foltin,afoltin8i@bandcamp.com
308,kwainscoat8j,yOmaTMN1NcFm,Karlie,Wainscoat,kwainscoat8j@abc.net.au
309,pfairtlough8k,Aoyp3o7,Petronella,Fairtlough,pfairtlough8k@cmu.edu
310,fwitcomb8l,0GI1v6bAnDXg,Fowler,Witcomb,fwitcomb8l@posterous.com
311,amackey8m,8Ql5q86,Anatollo,MacKey,amackey8m@earthlink.net
312,hwillers8n,wogYWK,Hamil,Willers,hwillers8n@blogspot.com
313,eantrag8o,GW9ON5,Ellene,Antrag,eantrag8o@squarespace.com
314,jtracy8p,UmENf8BMGIJO,Jeremy,Tracy,jtracy8p@netscape.com
315,gslingsby8q,hEvCrNLvrJ,Ginny,Slingsby,gslingsby8q@usa.gov
316,rpoynor8r,rOZKuu,Ralina,Poynor,rpoynor8r@berkeley.edu
317,eboggon8s,0bljyvuyIEG,Erwin,Boggon,eboggon8s@51.la
318,dcatteroll8t,g0l1bH,Dudley,Catteroll,dcatteroll8t@freewebs.com
319,ilockhurst8u,e3bBTdb75Kdg,Isobel,Lockhurst,ilockhurst8u@google.de
320,cdegregoli8v,kibKLkWa,Caren,De Gregoli,cdegregoli8v@wunderground.com
321,cmarchington8w,5OSpRD,Colline,Marchington,cmarchington8w@addtoany.com
322,lmerriman8x,duFQIn0F,Lucian,Merriman,lmerriman8x@amazon.co.jp
323,ygodsell8y,Quw65nt,Yoshiko,Godsell,ygodsell8y@weibo.com
324,spottes8z,RYQTUm0R,Silvester,Pottes,spottes8z@hibu.com
325,bblaise90,cVT28vlfOHoh,Bronson,Blaise,bblaise90@weibo.com
326,adilleway91,UPMvYSXjP,Anastasie,Dilleway,adilleway91@alexa.com
327,maleksandrev92,9gfio8XJ8y,Marsh,Aleksandrev,maleksandrev92@ucoz.com
328,govesen93,VXjUeQ,Glory,Ovesen,govesen93@sourceforge.net
329,wharfleet94,bvdTMLQYzX,Willie,Harfleet,wharfleet94@squarespace.com
330,smulqueen95,ncWCif,Sascha,Mulqueen,smulqueen95@paginegialle.it
331,mcalwell96,kPr03s69Llfj,Mandel,Calwell,mcalwell96@whitehouse.gov
332,fcadell97,lTIh9B,Florella,Cadell,fcadell97@unesco.org
333,fpickaver98,XTsP589rkZiv,Ferne,Pickaver,fpickaver98@odnoklassniki.ru
334,tstate99,ov3V2SQen,Thelma,State,tstate99@webmd.com
335,fcolthard9a,7nELX4BRY7Q3,Faunie,Colthard,fcolthard9a@independent.co.uk
336,afreestone9b,iB3W7nck7O,Allys,Freestone,afreestone9b@angelfire.com
337,gbassingham9c,GAvRuf,Gerhardine,Bassingham,gbassingham9c@nifty.com
338,msheehan9d,NxybKx,Miof mela,Sheehan,msheehan9d@who.int
339,sdonkersley9e,Ewd0CgP35D4,Selle,Donkersley,sdonkersley9e@woothemes.com
340,aiddy9f,8sRqt43C5x33,Adelbert,Iddy,aiddy9f@intel.com
341,emariet9g,nMyhqI6b,Erika,Mariet,emariet9g@e-recht24.de
342,rwebermann9h,D2aLeP,Rennie,Webermann,rwebermann9h@ameblo.jp
343,alord9i,iMtNchdauD,Alicea,Lord,alord9i@photobucket.com
344,zkealey9j,aAwNJs,Zia,Kealey,zkealey9j@storify.com
345,vdanilovic9k,P5ikeg5,Valina,Danilovic,vdanilovic9k@unesco.org
346,hosban9l,ODhh201bEwsa,Hebert,Osban,hosban9l@weebly.com
347,tlancley9m,fUzSym,Tabbie,Lancley,tlancley9m@taobao.com
348,bpostill9n,vjAGIYMsmZQC,Broderick,Postill,bpostill9n@homestead.com
349,bgrievson9o,4HyBrOh,Beryle,Grievson,bgrievson9o@cdbaby.com
350,ltriggle9p,aZTmXOg,Lishe,Triggle,ltriggle9p@jugem.jp
351,econew9q,ZldjVjA3Dbf,Ethel,Conew,econew9q@guardian.co.uk
352,rkamiyama9r,UZmfRu,Rosabella,Kamiyama,rkamiyama9r@amazonaws.com
353,ecrossingham9s,1SudKuIBYLq,Elita,Crossingham,ecrossingham9s@biblegateway.com
354,mbertelet9t,8KOmWnU52i,Michele,Bertelet,mbertelet9t@smugmug.com
355,epoulett9u,5RchzXNP,Edd,Poulett,epoulett9u@unicef.org
356,tstoter9v,26ijzRn90gNY,Tait,Stoter,tstoter9v@diigo.com
357,ahudel9w,Al4JU5,Agretha,Hudel,ahudel9w@ocn.ne.jp
358,odangeli9x,UHTkzXQCUUb,Ofelia,D'Angeli,odangeli9x@sourceforge.net
359,ealexsandrowicz9y,qJBqNTnyxoK3,Elianora,Alexsandrowicz,ealexsandrowicz9y@woothemes.com
360,astate9z,6BcOgvc2yBw,Allx,State,astate9z@vkontakte.ru
361,jhowsana0,BnGhxkJ,Jobey,Howsan,jhowsana0@toplist.cz
362,mbonehilla1,o0AODXf,Muffin,Bonehill,mbonehilla1@instagram.com
363,esebastiana2,5tzWxPI4PGfh,Elise,Sebastian,esebastiana2@dion.ne.jp
364,abowhaya3,2m4opPdf3o,Alida,Bowhay,abowhaya3@nature.com
365,bwashingtona4,aOXoHyv6KsGQ,Boyd,Washington,bwashingtona4@un.org
366,tdalwooda5,wNW16TaDOYJn,Tailor,Dalwood,tdalwooda5@google.ru
367,stremaynea6,lzegWne,Shanie,Tremayne,stremaynea6@storify.com
368,hmarchingtona7,JuKohv,Harman,Marchington,hmarchingtona7@sogou.com
369,wfieldera8,XTG7yMgp,Wynn,Fielder,wfieldera8@ustream.tv
370,tdevannya9,eddvTSzAM7L,Toinette,Devanny,tdevannya9@smugmug.com
371,rjanicijevicaa,P48v6p6emVBk,Reyna,Janicijevic,rjanicijevicaa@cocolog-nifty.com
372,cvinesab,I8YpoDbA,Chrissy,Vines,cvinesab@ebay.com
373,hhardinghamac,tacClJcDAuC,Hadrian,Hardingham,hhardinghamac@icio.us
374,csansomad,NsQSsc4zYJKZ,Cori,Sansom,csansomad@1und1.de
375,semanulssonae,Rv7yJeAkChO,Shelden,Emanulsson,semanulssonae@google.it
376,ogooldenaf,uoYkmCX,Olivie,Goolden,ogooldenaf@lulu.com
377,jfiddianag,oHrpTnazN,Jemimah,Fiddian,jfiddianag@disqus.com
378,nivellah,wuFmlR7e8FSN,Nicolas,Ivell,nivellah@usgs.gov
379,sfurzeai,8CrnXBF,Sarge,Furze,sfurzeai@sciencedirect.com
380,oforteaj,dtKvFMYyt0,Osmund,Forte,oforteaj@rambler.ru
381,glowtonak,y5bAxaycGVl,Ginny,Lowton,glowtonak@ovh.net
382,kgrishukoval,RAXRJEntkFM,Katuscha,Grishukov,kgrishukoval@cisco.com
383,chuygheam,coyGCNmJZOf,Cathrin,Huyghe,chuygheam@csmonitor.com
384,rbarringeran,QE2eegI,Rebe,Barringer,rbarringeran@nba.com
385,cbonnetteao,msW2H8L,Carolyne,Bonnette,cbonnetteao@networkadvertising.org
386,rkayesap,DrxgikX0AeW,Reece,Kayes,rkayesap@163.com
387,dhucklesbyaq,4phIsaS1AAE,Dorry,Hucklesby,dhucklesbyaq@topsy.com
388,eorrockar,u0hRU6,Egan,Orrock,eorrockar@ustream.tv
389,ederringtonas,7bA0D1LnU,Enoch,Derrington,ederringtonas@wikipedia.org
390,mgartlandat,eAzZ2BJvgI,Morgan,Gartland,mgartlandat@gravatar.com
391,dbraybrookeau,Dj4ylHCpra,Daren,Braybrooke,dbraybrookeau@ucoz.com
392,dlugsdinav,wAVlyMpZlId,Daphene,Lugsdin,dlugsdinav@independent.co.uk
393,ldebooaw,lrt6nKV,Lotte,Deboo,ldebooaw@pinterest.com
394,dmolesax,dXwRNOvyP4,Dietrich,Moles,dmolesax@chicagotribune.com
395,falvenay,4PRhO5IXxISc,Fabe,Alven,falvenay@php.net
396,cpimbleyaz,hjvmjn6Z,Cedric,Pimbley,cpimbleyaz@miibeian.gov.cn
397,eransomeb0,juqfMTQfu1ax,Elyse,Ransome,eransomeb0@wired.com
398,awandrackb1,kFTt5O,Aldric,Wandrack,awandrackb1@bravesites.com
399,hciardob2,qS0x7whV,Harley,Ciardo,hciardob2@yale.edu
400,rthompkinsb3,8r6aZkvgP9l,Radcliffe,Thompkins,rthompkinsb3@w3.org
401,dmontacuteb4,ODPA5RT3M,Demetri,Montacute,dmontacuteb4@zdnet.com
402,hlacroutzb5,EgP2QcWxR,Had,Lacroutz,hlacroutzb5@nydailynews.com
403,foliviab6,fFHNfS,Fanchon,Olivia,foliviab6@imdb.com
404,enealeyb7,aYwtGpcgXtzY,Eula,Nealey,enealeyb7@tmall.com
405,fdavysb8,YfIGt8fvhwSu,Ferris,Davys,fdavysb8@csmonitor.com
406,dalanb9,omW8N8py06B,Drugi,Alan,dalanb9@dagondesign.com
407,bdunphyba,AXk0KPNY,Brady,Dunphy,bdunphyba@instagram.com
408,cpetrellobb,KxFZWx,Clemmy,Petrello,cpetrellobb@wired.com
409,jprattebc,iP4H1Oxo,Jordan,Pratte,jprattebc@instagram.com
410,rhurrenbd,yguBj1HqcQjc,Robbie,Hurren,rhurrenbd@wikia.com
411,rnisotbe,e88w4nJ4K90,Rockie,Nisot,rnisotbe@youtube.com
412,cloxlybf,zK53Zf8RA,Carree,Loxly,cloxlybf@unc.edu
413,rmcconnultybg,42N1LKEtv,Ronalda,McConnulty,rmcconnultybg@goo.ne.jp
414,wstaffordbh,rCSjvj8U1Z2r,Will,Stafford,wstaffordbh@hostgator.com
415,fdonobi,TI2bYz,Franklyn,Dono,fdonobi@imgur.com
416,dpindarbj,w9ndet6,Dare,Pindar,dpindarbj@istockphoto.com
417,lstoakesbk,zNsWmxkKL,Loralyn,Stoakes,lstoakesbk@trellian.com
418,wfronzekbl,NX5Z1bQ,Ware,Fronzek,wfronzekbl@blinklist.com
419,bbinnybm,5nqm7zA3,Blake,Binny,bbinnybm@pcworld.com
420,adynebn,jd3fG1,Amandy,Dyne,adynebn@bigcartel.com
421,jhedmanbo,YPg9mvgv,Jessa,Hedman,jhedmanbo@facebook.com
422,mjertzbp,I0v1gjLiEf3B,Matthiew,Jertz,mjertzbp@hostgator.com
423,dbaillesbq,jEyXgvzk3D,Dru,Bailles,dbaillesbq@wisc.edu
424,nsaylesbr,lsed4I,Nicolas,Sayles,nsaylesbr@bravesites.com
425,kboldtbs,fVnPE0,Kassey,Boldt,kboldtbs@nih.gov
426,nbickellbt,pwDzoZ,Nat,Bickell,nbickellbt@tripod.com
427,bcrannbu,eMjs6r6pPY,Bernhard,Crann,bcrannbu@newyorker.com
428,acopcuttbv,O6IHaK1K2Q,Arlan,Copcutt,acopcuttbv@geocities.com
429,gdurwardbw,Gf0Bsl65rqo,Gauthier,Durward,gdurwardbw@oaic.gov.au
430,kpeagrimbx,15iZKK,Kiah,Peagrim,kpeagrimbx@1688.com
431,etomadoniby,mxZj2P85Pr,Euell,Tomadoni,etomadoniby@jugem.jp
432,glutmanbz,69tIKzISrajP,Gabriello,Lutman,glutmanbz@cdbaby.com
433,bhawkinsc0,p1rZTePGI3Q,Bobette,Hawkins,bhawkinsc0@hibu.com
434,cbessetc1,GhVQ99znRdeh,Chadwick,Besset,cbessetc1@businessinsider.com
435,gnayerc2,bQJzxOjWuZ,Garfield,Nayer,gnayerc2@ning.com
436,cgierc3,zuEkU9OmZ3N9,Curtice,Gier,cgierc3@mtv.com
437,wcarlosc4,RmAgxJ8A,Whit,Carlos,wcarlosc4@japanpost.jp
438,jpalatinoc5,kKdm6vb,Jaquenetta,Palatino,jpalatinoc5@wp.com
439,dgilliesc6,yIF9tOJ7H,Diane-marie,Gillies,dgilliesc6@dailymotion.com
440,spenkec7,MkyKR9N,Shaina,Penke,spenkec7@tamu.edu
441,cdikec8,vo5Lg8,Carlo,Dike,cdikec8@bing.com
442,mbaglinc9,i0AWR0,Mehetabel,Baglin,mbaglinc9@bloglines.com
443,zlimrickca,Fj5lkQnnj,Zachery,Limrick,zlimrickca@umich.edu
444,sgoldspinkcb,FHeL4H14oP3k,Sibelle,Goldspink,sgoldspinkcb@theglobeandmail.com
445,aandersencc,n5vPxUIdnNHr,Alikee,Andersen,aandersencc@ed.gov
446,bspikinscd,sEa9yq6qNoc,Belia,Spikins,bspikinscd@mysql.com
447,floudwellce,x4w3IKOQc,Felipa,Loudwell,floudwellce@wisc.edu
448,gstichelcf,8DLu5pFlKZ,Gus,Stichel,gstichelcf@cbsnews.com
449,qjorgensencg,tabvAZHAB,Quincy,Jorgensen,qjorgensencg@shop-pro.jp
450,jclowneych,0hax9wSC,Julian,Clowney,jclowneych@oaic.gov.au
451,bhynardci,52WR617TMUfw,Brocky,Hynard,bhynardci@geocities.com
452,dbrittoncj,fI1gGIZpp,Dilan,Britton,dbrittoncj@ed.gov
453,lfearnyhoughck,aS6PzPG,Lark,Fearnyhough,lfearnyhoughck@google.ru
454,mfilipiakcl,LpcXcm,Minetta,Filipiak,mfilipiakcl@scientificamerican.com
455,apochetcm,Pkz2tZfajX,Astra,Pochet,apochetcm@over-blog.com
456,cstuartcn,7iHfEBw7qCCY,Chandal,Stuart,cstuartcn@youtu.be
457,ljutsonco,NtBjMz335,Leyla,Jutson,ljutsonco@is.gd
458,btunstallcp,Al0dhB6dRn,Burnaby,Tunstall,btunstallcp@prlog.org
459,cgrahamcq,CP2JZN,Cullen,Graham,cgrahamcq@miitbeian.gov.cn
460,lgodferycr,8TfmuTim,Laverne,Godfery,lgodferycr@posterous.com
461,cbuntcs,QGYNF9b,Caldwell,Bunt,cbuntcs@cisco.com
462,lhazeldenect,GC1jthS,Leanna,Hazeldene,lhazeldenect@sphinn.com
463,predsellcu,TIIYPxa8Pg,Phillipe,Redsell,predsellcu@biglobe.ne.jp
464,mmeadecv,fpC6Si4,Morie,Meade,mmeadecv@cdbaby.com
465,lheningamcw,2pYmDOxFlpd,Luciana,Heningam,lheningamcw@aol.com
466,tfollittcx,dMGRQT,Tracie,Follitt,tfollittcx@hexun.com
467,dbinyoncy,tWEd0XBUh1,Darell,Binyon,dbinyoncy@ovh.net
468,cgritlandcz,EoLGmyGj,Cobbie,Gritland,cgritlandcz@smh.com.au
469,hspilsteadd0,VFdNp86LJMf2,Heath,Spilstead,hspilsteadd0@shop-pro.jp
470,rcrickettd1,XAAZjI64A,Richmound,Crickett,rcrickettd1@biglobe.ne.jp
471,sratied2,abUXWcXmo32v,Shandy,Ratie,sratied2@ucla.edu
472,jlabittd3,lREa5rVJO1V2,Jake,Labitt,jlabittd3@opera.com
473,aspondleyd4,LWtEckv,Alvera,Spondley,aspondleyd4@bbc.co.uk
474,pgonzalesd5,a7uiY3SZ,Piotr,Gonzales,pgonzalesd5@weebly.com
475,rdallind6,jzRMEuBQZ1il,Romain,Dallin,rdallind6@mozilla.com
476,wgladstoned7,qLh8VLn1,Wilt,Gladstone,wgladstoned7@ibm.com
477,cschollerd8,oP3iFXAeLU,Clarinda,Scholler,cschollerd8@cpanel.net
478,cparagreend9,xXPyS5SEhBK,Cal,Paragreen,cparagreend9@bigcartel.com
479,cbroodesda,r5NIiTqXQ,Carolus,Broodes,cbroodesda@ovh.net
480,srothchilddb,LsqtAjV,Selinda,Rothchild,srothchilddb@google.com.br
481,fhanburybrowndc,nO7glT,Fulvia,Hanbury-Brown,fhanburybrowndc@abc.net.au
482,dguidinidd,OoQpfDs9o,Deeyn,Guidini,dguidinidd@myspace.com
483,wvasnetsovde,3H19yzeWNH0,Willy,Vasnetsov,wvasnetsovde@pcworld.com
484,pgeerdtsdf,G6VFkzeyr38,Pippa,Geerdts,pgeerdtsdf@sakura.ne.jp
485,mdundendaledg,940UH1Vr5Qz,Mord,Dundendale,mdundendaledg@wikipedia.org
486,bcawkwelldh,Ef6aMDbR,Bernetta,Cawkwell,bcawkwelldh@slideshare.net
487,opookedi,BPOBz0,Oliy,Pooke,opookedi@t-online.de
488,bcarneydj,sUchDaE,Brina,Carney,bcarneydj@si.edu
489,skulicdk,zGHgFqcB,Stanly,Kulic,skulicdk@altervista.org
490,afirebracedl,7apEywfhAxvP,Arlina,Firebrace,afirebracedl@fotki.com
491,gyitzoviczdm,uyeyi29O,Gwenette,Yitzovicz,gyitzoviczdm@spotify.com
492,kglaisnerdn,e5UYAJ,Katherine,Glaisner,kglaisnerdn@discovery.com
493,schudleighdo,rofUVcUa,Stephani,Chudleigh,schudleighdo@joomla.org
494,bwinsiowieckidp,sOY56yJ,Burke,Winsiowiecki,bwinsiowieckidp@pagesperso-orange.fr
495,slayfielddq,ukeDVZXUGPYQ,Sayres,Layfield,slayfielddq@phoca.cz
496,hmaccalldr,rZCRVZ8,Hakeem,MacCall,hmaccalldr@simplemachines.org
497,mklainds,oq5Fr8ZCmIEh,Manya,Klain,mklainds@biblegateway.com
498,lstainsbydt,Qo2iD7QhytZR,Lida,Stainsby,lstainsbydt@imgur.com
499,garnoldidu,rsjfio0Xli,Giovanna,Arnoldi,garnoldidu@squarespace.com
500,bpottiphardv,SkOzFb,Bidget,Pottiphar,bpottiphardv@hubpages.com
501,wfribergdw,SjREXQZIRLYO,Wayne,Friberg,wfribergdw@paginegialle.it
502,arubinlichtdx,xOLTSCuKb,Arni,Rubinlicht,arubinlichtdx@indiatimes.com
503,jglowachdy,7RSQK7obbTx,Juline,Glowach,jglowachdy@goo.gl
504,gbagworthdz,Zw3sXNKLoxAp,Gussie,Bagworth,gbagworthdz@amazon.co.jp
505,phartzoge0,P4Lycso,Penelope,Hartzog,phartzoge0@google.cn
506,ejoddinse1,21AjsEjJ5OQ1,Ethelin,Joddins,ejoddinse1@behance.net
507,ohandlinge2,QvPN08wsDy,Ole,Handling,ohandlinge2@flickr.com
508,ireadere3,8vWHcXs,Ingmar,Reader,ireadere3@latimes.com
509,wbartolomeue4,AY3QU5,Whitney,Bartolomeu,wbartolomeue4@youtube.com
510,efoxone5,pM0nN6JCcMM,Etty,Foxon,efoxone5@si.edu
511,oveschambree6,MvOJexkL,Orelee,Veschambre,oveschambree6@spotify.com
512,ckarese7,x1cBjLlnp,Chere,Kares,ckarese7@ezinearticles.com
513,ecockette8,hGJimyhGAL,Early,Cockett,ecockette8@acquirethisname.com
514,rlatuse9,iYEZhYq,Robinett,Latus,rlatuse9@si.edu
515,wrennlesea,qRd4A7UAsr1,Waldon,Rennles,wrennlesea@sciencedirect.com
516,sdiantonioeb,jUO6kEnRixve,Son,Di Antonio,sdiantonioeb@bloglovin.com
517,fturnpennyec,Ucw4lNBcphg,Felizio,Turnpenny,fturnpennyec@techcrunch.com
518,mbugdaleed,rAiDV3S,Malchy,Bugdale,mbugdaleed@businesswire.com
519,jdruittee,i9mjrjvEA,Jed,Druitt,jdruittee@artisteer.com
520,gandertonef,52oUFVX,Gale,Anderton,gandertonef@webeden.co.uk
521,waloigieg,lvynxWzU3,Wendi,Aloigi,waloigieg@independent.co.uk
522,jvennereh,wV5pmodIY6,Jammie,Venner,jvennereh@list-manage.com
523,tfreemantleei,2WfyEs2,Tessi,Freemantle,tfreemantleei@qq.com
524,bdionsettiej,fb988tNk,Benji,Dionsetti,bdionsettiej@eventbrite.com
525,ryurocjhinek,udcygbBB4l8,Roderick,Yurocjhin,ryurocjhinek@ehow.com
526,hheartfieldel,SlUyO1w8179Q,Hubert,Heartfield,hheartfieldel@irs.gov
527,dheathwoodem,aJ7G0PBLxEZ,Dennet,Heathwood,dheathwoodem@smh.com.au
528,mfeaveryearen,95buARvX,Mame,Feaveryear,mfeaveryearen@adobe.com
529,sratcliffeeo,ZU9gYs865Pbb,Sileas,Ratcliffe,sratcliffeeo@wix.com
530,lizzettep,6sVQWobcM6w,Lanie,Izzett,lizzettep@marriott.com
531,mbacheeq,FoapOjMfU,Mikel,Bache,mbacheeq@oaic.gov.au
532,akitsoner,VhgQovY0og,Ambrosio,Kitson,akitsoner@vkontakte.ru
533,clorandes,cIHp8NrxBO,Carroll,Lorand,clorandes@virginia.edu
534,zhanhardet,g7tnUp,Zackariah,Hanhard,zhanhardet@constantcontact.com
535,pheavyeu,FNzleJj,Perry,Heavy,pheavyeu@parallels.com
536,mbowichev,rD7JBwYxSQ5,Maiga,Bowich,mbowichev@princeton.edu
537,nhacaudew,7x2XNuUbSD,Natala,Hacaud,nhacaudew@gravatar.com
538,hkoubekex,HwfvXmo6,Halley,Koubek,hkoubekex@csmonitor.com
539,mdeeringey,9wfTqUdC23D,Marna,Deering,mdeeringey@yellowpages.com
540,bwestellez,THj1g7T6d,Berny,Westell,bwestellez@google.nl
541,jtippettsf0,eEEIYUN,Jacquelyn,Tippetts,jtippettsf0@apple.com
542,edurdlef1,IAHcYYK9IvJ,Eloise,Durdle,edurdlef1@smugmug.com
543,adethlofff2,3BsMTiYWXe7,Ardys,Dethloff,adethlofff2@shop-pro.jp
544,mtrengovef3,RpGrVZeiGdP,Magnum,Trengove,mtrengovef3@shareasale.com
545,tterrellyf4,sFwbCx4Cyap,Tabby,Terrelly,tterrellyf4@pinterest.com
546,hbarnevillef5,Cnx9AW8,Harald,Barneville,hbarnevillef5@admin.ch
547,zgadsonf6,XRwyQFD,Zarah,Gadson,zgadsonf6@ed.gov
548,amacallenf7,Ja406mzJ3,Artus,MacAllen,amacallenf7@gov.uk
549,mgoodsalf8,NgK9IlQh,Matthus,Goodsal,mgoodsalf8@digg.com
550,mcabbellf9,MDPJY6gA,Mollee,Cabbell,mcabbellf9@dailymotion.com
551,ggiraudelfa,ZBazMcQMCn,Gherardo,Giraudel,ggiraudelfa@wired.com
552,plaffoleylanefb,MSF50abq1IeC,Papagena,Laffoley-Lane,plaffoleylanefb@privacy.gov.au
553,kblackwellfc,aXUhOnsXA,Katharyn,Blackwell,kblackwellfc@barnesandnoble.com
554,hbassfd,isPamh,Hakeem,Bass,hbassfd@dropbox.com
555,zandrzejfe,wzMbR7I7odf,Zahara,Andrzej,zandrzejfe@wix.com
556,rrickarseyff,4Ue1tdZa,Reggie,Rickarsey,rrickarseyff@artisteer.com
557,knoyefg,k3V3Mk0HQu,Kylie,Noye,knoyefg@ask.com
558,gsallfh,pHe3c6,Glory,Sall,gsallfh@booking.com
559,chabletfi,rDhZU9Ixk,Cinderella,Hablet,chabletfi@weebly.com
560,ikinniefj,r6jpbFDQH2b,Ilsa,Kinnie,ikinniefj@nature.com
561,akleehuhlerfk,qfA5Xl,Adelbert,Kleehuhler,akleehuhlerfk@meetup.com
562,irevellefl,eX3Csyp70O4S,Isador,Revelle,irevellefl@paypal.com
563,smcgoochfm,Ral8qARC,Shirley,McGooch,smcgoochfm@barnesandnoble.com
564,dfraynefn,ft39iMwhk,Drusi,Frayne,dfraynefn@nytimes.com
565,ckingswoodfo,cqOMIp,Claresta,Kingswood,ckingswoodfo@wisc.edu
566,mlisterfp,lo5QnHsk33,Marcile,Lister,mlisterfp@unc.edu
567,coneilfq,nvKi1joMR,Carolee,Oneil,coneilfq@pinterest.com
568,ktroubridgefr,bhaurFCGdS,Kamila,Troubridge,ktroubridgefr@nytimes.com
569,wpoluzzifs,nWQEB5e,Wendall,Poluzzi,wpoluzzifs@qq.com
570,cgourlayft,sONmFgbR,Colline,Gourlay,cgourlayft@berkeley.edu
571,cdickefu,IPWOVq,Corina,Dicke,cdickefu@slideshare.net
572,njeremiahfv,PGzLWX6LI,Nicholle,Jeremiah,njeremiahfv@elpais.com
573,cfaersfw,GmwHYqBOISc,Caron,Faers,cfaersfw@wiley.com
574,ajosofovitzfx,WvVkz1RoW9Xu,Adrea,Josofovitz,ajosofovitzfx@china.com.cn
575,mainsliefy,QYwbFIYnG41,Murdoch,Ainslie,mainsliefy@geocities.jp
576,nskehanfz,1BwuRxY8i4Dy,Ninnetta,Skehan,nskehanfz@auda.org.au
577,gtomlettg0,Jv7SUN,Gladi,Tomlett,gtomlettg0@prlog.org
578,ehenlong1,x8T03lB,Esma,Henlon,ehenlong1@behance.net
579,rharewoodg2,sArxG20Ah4v,Riva,Harewood,rharewoodg2@go.com
580,mthurlbyg3,u9TYlu2fx,Modesta,Thurlby,mthurlbyg3@weibo.com
581,sdictusg4,BWx0Rt3,Sydel,Dictus,sdictusg4@ox.ac.uk
582,lbiscog5,YOJAUz4Rl65Q,Larine,Bisco,lbiscog5@usgs.gov
583,nmcinerneyg6,j97Mvqz,Norah,McInerney,nmcinerneyg6@edublogs.org
584,sledgewayg7,lN7EQ3EBk6,Stella,Ledgeway,sledgewayg7@utexas.edu
585,rroskellyg8,wtRTwyAAO,Rafael,Roskelly,rroskellyg8@chronoengine.com
586,aspeachleyg9,ZATWb5JmFa,Anya,Speachley,aspeachleyg9@naver.com
587,nsturleyga,2bzEhU8U,Neville,Sturley,nsturleyga@bluehost.com
588,mfaulksgb,9fcnaZfQWTQ,Monti,Faulks,mfaulksgb@hhs.gov
589,agandrichgc,LmAvEkcyQd,Arlen,Gandrich,agandrichgc@timesonline.co.uk
590,acavilgd,PymMn4351aV,Arch,Cavil,acavilgd@over-blog.com
591,lsitwellge,tn093UY,Layla,Sitwell,lsitwellge@ca.gov
592,alauthiangf,c11jz0jaTH,Ada,Lauthian,alauthiangf@ebay.co.uk
593,khousleygg,XnzMBN428b,Kristo,Housley,khousleygg@si.edu
594,sdeamergh,RDAMV4FloV,Sonnie,Deamer,sdeamergh@wp.com
595,tgodferygi,aZf6OiC4b,Tammy,Godfery,tgodferygi@ted.com
596,raldwincklegj,1U2WmJ1h,Rodie,Aldwinckle,raldwincklegj@github.com
597,mdrenggk,qBe1AV,Marja,Dreng,mdrenggk@hud.gov
598,pboarleysongl,jvIiTA,Pete,Boarleyson,pboarleysongl@networksolutions.com
599,okilfeathergm,rwfnQiO1S,Olly,Kilfeather,okilfeathergm@mapquest.com
600,kciciarign,GNJKd10Oa,Kellia,Ciciari,kciciarign@ask.com
601,bhalworthgo,MoKYPI5C8qV,Benedikt,Halworth,bhalworthgo@storify.com
602,gliberogp,8NWKn7qwfGeE,Garey,Libero,gliberogp@mtv.com
603,wmcalessgq,mZ2R131,Winona,McAless,wmcalessgq@trellian.com
604,pbonsalegr,sEV3KJ6gvdu5,Peyton,Bonsale,pbonsalegr@networksolutions.com
605,ndominichelligs,Jei59b,Neall,Dominichelli,ndominichelligs@discuz.net
606,dfromentgt,MJSAEw,Dag,Froment,dfromentgt@sakura.ne.jp
607,nwyburngu,23bdmW,Neddy,Wyburn,nwyburngu@stumbleupon.com
608,ywillcocksgv,5yiyLj,Ynes,Willcocks,ywillcocksgv@weibo.com
609,aslaghtgw,UXVO7KTlH0s6,Aurlie,Slaght,aslaghtgw@people.com.cn
610,lchedzoygx,uHKc3sCzD,Luther,Chedzoy,lchedzoygx@wordpress.com
611,arowlygy,zUpTl5,Aymer,Rowly,arowlygy@mayoclinic.com
612,dwoolesgz,B3vqTtNuQ5L,Dehlia,Wooles,dwoolesgz@newsvine.com
613,wmaudsleyh0,ILp1oeT2XC6,Waldo,Maudsley,wmaudsleyh0@reverbnation.com
614,mhalworthh1,AfVcSWAhgZn,Mord,Halworth,mhalworthh1@ezinearticles.com
615,hizenh2,6jKVkjv3blg,Hailey,Izen,hizenh2@php.net
616,pmillarh3,pAlI0q6L,Prudi,Millar,pmillarh3@google.es
617,apaikeh4,EFE6Bz,Avis,Paike,apaikeh4@networksolutions.com
618,rsuterh5,2IX82q2VBgA,Ruy,Suter,rsuterh5@ucoz.ru
619,rdonnisonh6,ITZtPKmnQuJ,Ron,Donnison,rdonnisonh6@php.net
620,tcorringtonh7,r8c9QQcGD,Tomasina,Corrington,tcorringtonh7@dyndns.org
621,scurroh8,QXgwqhm4KHx,Stillman,Curro,scurroh8@imgur.com
622,gbillingh9,dqQLOHSS2,Greg,Billing,gbillingh9@wunderground.com
623,abrockmanha,iE8r6x,Almeda,Brockman,abrockmanha@redcross.org
624,cblashb,bqeJcUvX,Catharine,Blas,cblashb@soundcloud.com
625,bmarjothc,951BgLyLo,Blinnie,Marjot,bmarjothc@examiner.com
626,dmalkinhd,sDJxKVS,Dorie,Malkin,dmalkinhd@xing.com
627,lbeuscherhe,c9NFXH1KL,Lacie,Beuscher,lbeuscherhe@macromedia.com
628,pahmedhf,bQcUXy,Pattie,Ahmed,pahmedhf@myspace.com
629,bdiblehg,5MDoTEFVqvN,Brody,Dible,bdiblehg@hud.gov
630,ghaddonhh,AuQ57hRVx7jG,Gabe,Haddon,ghaddonhh@soup.io
631,gfilchaginhi,sLzN9bxS0f,Gianina,Filchagin,gfilchaginhi@altervista.org
632,sgodsellhj,mLdGfby1FVBt,Sabine,Godsell,sgodsellhj@technorati.com
633,escurreyhk,hNy30o,Egan,Scurrey,escurreyhk@moonfruit.com
634,wcondonhl,wHIraRvqBjF,Wally,Condon,wcondonhl@wikipedia.org
635,bkarlqvisthm,SZzhn0Bq,Bengt,Karlqvist,bkarlqvisthm@nationalgeographic.com
636,vcasohn,W6r2fhnOJ,Vinson,Caso,vcasohn@dailymail.co.uk
637,mpeabodyho,Gei4iv2q,Muriel,Peabody,mpeabodyho@yellowpages.com
638,rropphp,rEplguW,Rafaelia,Ropp,rropphp@webeden.co.uk
639,ntownendhq,ztYYfUo,Nan,Townend,ntownendhq@bloglines.com
640,gtutsellhr,dLRS0MaO,Gigi,Tutsell,gtutsellhr@unesco.org
641,ccansdillhs,ljGyLtanwR2,Cristie,Cansdill,ccansdillhs@dailymotion.com
642,ddanielliht,cwDSXXUl,Danella,Danielli,ddanielliht@bing.com
643,uoxenfordhu,o6ZSh9nPm,Ulla,Oxenford,uoxenfordhu@sourceforge.net
644,rforsthv,9oeD9qiuZ2wj,Rosaleen,Forst,rforsthv@salon.com
645,djagohw,qM2Gr9ZxA,Derry,Jago,djagohw@guardian.co.uk
646,mbahlhx,ATe8CQbp7eV,Maddy,Bahl,mbahlhx@purevolume.com
647,swikehy,HtoY6lWf,Sile,Wike,swikehy@cdc.gov
648,mriochhz,KjW8PSK,Monika,Rioch,mriochhz@xinhuanet.com
649,kgrotei0,jjIQ64,Keri,Grote,kgrotei0@github.io
650,nkobischi1,ZyDVzf8,Noelle,Kobisch,nkobischi1@altervista.org
651,mwormani2,5WTIVaX,Marilyn,Worman,mwormani2@symantec.com
652,hmaddisoni3,ViggSGnp8,Hallsy,Maddison,hmaddisoni3@geocities.jp
653,kbolsteridgei4,Q3ivQbcjgpk,Katusha,Bolsteridge,kbolsteridgei4@yelp.com
654,nvancastelei5,LM3pd2arAIWP,Nolly,Van Castele,nvancastelei5@list-manage.com
655,gleftleyi6,7FCL3QD1,Garvin,Leftley,gleftleyi6@hugedomains.com
656,sbaurerichi7,z5ofFDwcT3,Shelley,Baurerich,sbaurerichi7@europa.eu
657,rbrumfitti8,3E6m4lyqG,Rogerio,Brumfitt,rbrumfitti8@apache.org
658,cgregoracei9,dOP9G4t,Channa,Gregorace,cgregoracei9@about.me
659,tgiorgiuttiia,ZjOZY3uNt0,Theresina,Giorgiutti,tgiorgiuttiia@jigsy.com
660,garchleyib,CfOqUOI,Glori,Archley,garchleyib@nbcnews.com
661,gbeveredgeic,VMpwlL,Gilli,Beveredge,gbeveredgeic@ebay.com
662,hbirtleid,z4n8zJJ,Hersch,Birtle,hbirtleid@hubpages.com
663,sgedneyie,NUcexBdI,Susannah,Gedney,sgedneyie@squidoo.com
664,rcaldecottif,A5ilsLl,Rania,Caldecott,rcaldecottif@123-reg.co.uk
665,mrawllig,RnCamV7e2,Marlo,Rawll,mrawllig@dmoz.org
666,nwhitelyih,kIGmalH5hfY,Nannie,Whitely,nwhitelyih@earthlink.net
667,vabramchikii,wjBKaWfb,Viviene,Abramchik,vabramchikii@example.com
668,nhowlerij,VHWTE6wLtf2,Nathanil,Howler,nhowlerij@army.mil
669,jstareik,ybtt5kJ61T,Jerrylee,Stare,jstareik@tiny.cc
670,jkochelil,yit9iRYO4,Jessalin,Kochel,jkochelil@mapy.cz
671,vnasheim,VZDnDegdteN,Vasilis,Nashe,vnasheim@wunderground.com
672,slorinezin,aWZEYajz9Rue,Shani,Lorinez,slorinezin@is.gd
673,bhartfordio,IYHVJjHy,Baily,Hartford,bhartfordio@upenn.edu
674,jpimleyip,KqLYwdn,Joya,Pimley,jpimleyip@businesswire.com
675,tpachiq,vtsfBKV,Turner,Pach,tpachiq@dell.com
676,afonteir,KuMFAnWUzhhH,Ardine,Fonte,afonteir@photobucket.com
677,kdenzeyis,fUWS9OgSM,Karrie,Denzey,kdenzeyis@bloglovin.com
678,parndtit,jwIeHdd,Paul,Arndt,parndtit@comsenz.com
679,dconninghamiu,3wDAiO,Donnell,Conningham,dconninghamiu@auda.org.au
680,gmordaniv,Grvjjaht2L,Godiva,Mordan,gmordaniv@exblog.jp
681,nscurreyiw,QuBMs7,Nancie,Scurrey,nscurreyiw@cnn.com
682,lbevirix,SRFiaCCEaNPP,Lynn,Bevir,lbevirix@globo.com
683,ltomeiy,eQmQ8aIdxKE,Latisha,Tome,ltomeiy@devhub.com
684,blarcheriz,DpfpeK6S7bQe,Braden,L'Archer,blarcheriz@ucsd.edu
685,ajeyesj0,4EJBsNryf,Arty,Jeyes,ajeyesj0@netscape.com
686,bshortinj1,Xdzx3U2RAnM,Brennen,Shortin,bshortinj1@boston.com
687,hmapledoramj2,FupONVJ,Henderson,Mapledoram,hmapledoramj2@uiuc.edu
688,zstichallj3,0UJ9ejDj,Zebadiah,Stichall,zstichallj3@timesonline.co.uk
689,mgivej4,yS3yiOyNub,Malorie,Give,mgivej4@thetimes.co.uk
690,rcussonsj5,V863xK3A,Rocky,Cussons,rcussonsj5@deviantart.com
691,ggorgenj6,0XSd7P,Gert,Gorgen,ggorgenj6@alibaba.com
692,pvoyseyj7,RXg1dF2b,Portia,Voysey,pvoyseyj7@google.cn
693,rbristonj8,9hqRrV4EVsY,Rutter,Briston,rbristonj8@mysql.com
694,rmabbj9,CBqpugBpnB,Rosella,Mabb,rmabbj9@goo.gl
695,gleningja,XZvthEDn6b,Gherardo,Lening,gleningja@google.com.hk
696,tcheleyjb,6M2rO7OzeeO,Troy,Cheley,tcheleyjb@cdc.gov
697,abrecknalljc,6vtlH4xv,Abby,Brecknall,abrecknalljc@nyu.edu
698,gduffitjd,m7R20m21,Guillaume,Duffit,gduffitjd@homestead.com
699,dmatskevichje,4PFB5Ex1WeU,Donalt,Matskevich,dmatskevichje@walmart.com
700,jfreakjf,kmb3vPR,Jeane,Freak,jfreakjf@free.fr
701,nginnetyjg,87tNnXI2c,Nikoletta,Ginnety,nginnetyjg@cisco.com
702,rendlejh,YGUuxe6tW,Rozelle,Endle,rendlejh@nsw.gov.au
703,kdowlingji,bOpZ1r0dII8,Karel,Dowling,kdowlingji@ftc.gov
704,acochranejj,VSgiHLFRv3e,Addie,Cochrane,acochranejj@craigslist.org
705,akingscotejk,lZ4VuYPdT9,Adrien,Kingscote,akingscotejk@jalbum.net
706,jdonnanjl,ej2QOzOp9,Jdavie,Donnan,jdonnanjl@zimbio.com
707,koxladejm,vSyv7VO,Katerine,Oxlade,koxladejm@topsy.com
708,zgazeyjn,N5EoF8n,Zachery,Gazey,zgazeyjn@gravatar.com
709,dfishleighjo,cPPUhI2,Darcy,Fishleigh,dfishleighjo@hp.com
710,kstqueninjp,khubxNv9e,Ky,St Quenin,kstqueninjp@google.de
711,snisbyjq,8rZ6x1,Shelli,Nisby,snisbyjq@usgs.gov
712,cduetschejr,C3POVcgHAeXh,Carolin,Duetsche,cduetschejr@google.ru
713,felderkinjs,YAb1En5,Fidelio,Elderkin,felderkinjs@telegraph.co.uk
714,wnehlsenjt,J4aXW5X,Winona,Nehlsen,wnehlsenjt@drupal.org
715,ccapstickju,Bzki982ah7O,Carlyle,Capstick,ccapstickju@dagondesign.com
716,pscollickjv,Q9HMk5NreSx,Pia,Scollick,pscollickjv@linkedin.com
717,jorringejw,7M8pOlqoq0U0,Jennifer,Orringe,jorringejw@stumbleupon.com
718,etapejx,A69rfx2lD,Eve,Tape,etapejx@telegraph.co.uk
719,tingerjy,X7xuIDKm0M1,Tymothy,Inger,tingerjy@shop-pro.jp
720,vparsleyjz,szkUdCcy4,Vivia,Parsley,vparsleyjz@sfgate.com
721,cwilberk0,rzFzlkQ,Christel,Wilber,cwilberk0@dropbox.com
722,njaunceyk1,RrvoiBIy,Nydia,Jauncey,njaunceyk1@imgur.com
723,jwaghornk2,I7dHxy,Jeanelle,Waghorn,jwaghornk2@oaic.gov.au
724,gcartmelk3,hIEXPhsJd,Gabbey,Cartmel,gcartmelk3@is.gd
725,evedeniktovk4,gi1ooY,Elset,Vedeniktov,evedeniktovk4@studiopress.com
726,clightwingk5,OfQzH9nZbM7,Cindi,Lightwing,clightwingk5@istockphoto.com
727,wkemberyk6,HL0FjaMzvLn3,Whit,Kembery,wkemberyk6@i2i.jp
728,edodgsonk7,o8kNvBIWBeOA,Ermentrude,Dodgson,edodgsonk7@prnewswire.com
729,avardiek8,GmlP2ZvxMns,Annadiane,Vardie,avardiek8@guardian.co.uk
730,kperronik9,WTJgauqqwpP,Kala,Perroni,kperronik9@symantec.com
731,lfranzka,aF72jN2i3,Libby,Franz,lfranzka@npr.org
732,gtitchenerkb,BAQ8rTVDxPH,Georgy,Titchener,gtitchenerkb@yale.edu
733,cpowlettkc,JXMOVJLT,Catha,Powlett,cpowlettkc@shop-pro.jp
734,bthorneyworkkd,plWvxUZoAJ,Base,Thorneywork,bthorneyworkkd@dyndns.org
735,aarrighettike,HPehLz,Allin,Arrighetti,aarrighettike@seattletimes.com
736,clightwoodkf,fwfwbn,Constantine,Lightwood,clightwoodkf@godaddy.com
737,kmannoochkg,bmE3snyVkeca,Karney,Mannooch,kmannoochkg@ning.com
738,cpuckringkh,sh3HJuK0jlSC,Carolin,Puckring,cpuckringkh@devhub.com
739,gbampfordki,hoidgs,Gayleen,Bampford,gbampfordki@flavors.me
740,mkiffekj,ii31pogrR,Martita,Kiffe,mkiffekj@deliciousdays.com
741,pkingtonkk,aykxDU5wlw2,Penny,Kington,pkingtonkk@ucla.edu
742,kwoolveridgekl,mMaT24L,Katerine,Woolveridge,kwoolveridgekl@macromedia.com
743,okivellkm,f7S8BTdEAUTE,Ogdan,Kivell,okivellkm@shareasale.com
744,ymacdunleavykn,rpPNKMWOmo,Yuri,MacDunleavy,ymacdunleavykn@tiny.cc
745,dmccritchieko,yZS2Mn,Donetta,McCritchie,dmccritchieko@blogtalkradio.com
746,acourtonnekp,uRBeDsGRaei8,Armin,Courtonne,acourtonnekp@histats.com
747,kcharterskq,MVYmPI,Karyl,Charters,kcharterskq@scientificamerican.com
748,zrobeykr,bNJPOvvO8M,Zorine,Robey,zrobeykr@mtv.com
749,afoggoks,esBkFwcriMq,Alexei,Foggo,afoggoks@1und1.de
750,sheselwoodkt,zCOwK3wdapsY,Saunderson,Heselwood,sheselwoodkt@sciencedaily.com
751,bchristofolku,0iBSIlduWe,Bradney,Christofol,bchristofolku@state.tx.us
752,arealphkv,2OAgV2ONn8NX,Aili,Realph,arealphkv@51.la
753,ntraytekw,FK1mg8L6A,Noel,Trayte,ntraytekw@imgur.com
754,mcrummaykx,8G1zrEc1BQY,Maxwell,Crummay,mcrummaykx@google.cn
755,mhallickky,25G6HxEG7,Merill,Hallick,mhallickky@quantcast.com
756,malsopkz,vcMXjD,Marjy,Alsop,malsopkz@google.nl
757,dmeysl0,eYAoQsij,Donall,Meys,dmeysl0@cyberchimps.com
758,lkarpychevl1,DY0lVm6sSY4,Lora,Karpychev,lkarpychevl1@archive.org
759,lpirotl2,pY7gxMX,Leroy,Pirot,lpirotl2@bizjournals.com
760,gcappl3,GjUosGRdalj,Gerik,Capp,gcappl3@walmart.com
761,aheasemanl4,1kMV8bbw,Ambrosi,Heaseman,aheasemanl4@nydailynews.com
762,ltankusl5,Q1arlDV1WBJ6,Lulu,Tankus,ltankusl5@drupal.org
763,wguesfordl6,DfsMJglaWU,Wes,Guesford,wguesfordl6@whitehouse.gov
764,cflewanl7,Rr8LpFk,Constanta,Flewan,cflewanl7@furl.net
765,cbiaggiottil8,ycrPKnixolbs,Carma,Biaggiotti,cbiaggiottil8@creativecommons.org
766,lbartosikl9,0HmXMQcpKds,Lethia,Bartosik,lbartosikl9@weather.com
767,cbarrabealela,0Aw89gsIt,Chickie,Barrabeale,cbarrabealela@google.co.jp
768,dmoenslb,AJ7Nbislziv,Devy,Moens,dmoenslb@google.com.br
769,dbengtssonlc,CmmplGfwcx,Dannye,Bengtsson,dbengtssonlc@multiply.com
770,kdrainsld,psJNhH,Katlin,Drains,kdrainsld@youku.com
771,collandle,Hqtsk2,Clotilda,Olland,collandle@samsung.com
772,sappletonlf,J8DEpCv,Shawnee,Appleton,sappletonlf@spiegel.de
773,afetterlg,aWCqhAxsJn,Adam,Fetter,afetterlg@imageshack.us
774,bfirthlh,njTBXCBv,Brenden,Firth,bfirthlh@go.com
775,tbergeonli,NBbVjq4nBot5,Tadio,Bergeon,tbergeonli@chronoengine.com
776,dmetziglj,08MmjcaxGppB,Dolf,Metzig,dmetziglj@cnbc.com
777,sflanaganlk,E5jdek7K9e,Stacy,Flanagan,sflanaganlk@sfgate.com
778,kreevell,KqWaoYM,Kirsti,Reeve,kreevell@cornell.edu
779,mduminilm,DbPtRxL6Jh,Mathias,Dumini,mduminilm@slashdot.org
780,jlovstromln,SFxLyUDmN5,Jacinthe,Lovstrom,jlovstromln@cdbaby.com
781,mcardenaslo,fLZUwWjUJ,Mandy,Cardenas,mcardenaslo@webnode.com
782,zjanssonlp,x3UOb2OkUhg,Zora,Jansson,zjanssonlp@icq.com
783,cbarfflq,Y8C8pdZW,Carmen,Barff,cbarfflq@google.ru
784,cheadanlr,Oe1OkWvgLaP,Carolyne,Headan,cheadanlr@cdc.gov
785,mlivingsls,hKQ4SmeUQZ,Maria,Livings,mlivingsls@mlb.com
786,crawlelt,yEwJS9d9S,Cosme,Rawle,crawlelt@adobe.com
787,cdewburylu,2UHJh1O4ZC,Cally,Dewbury,cdewburylu@netlog.com
788,sperottlv,IukIGqYqyPAn,Shepherd,Perott,sperottlv@deviantart.com
789,rbucknalllw,DnhUDYrKR,Ramona,Bucknall,rbucknalllw@webeden.co.uk
790,cbuckleighlx,iOmAS0bOatM4,Carmela,Buckleigh,cbuckleighlx@cornell.edu
791,rpapenly,bSj5DCB,Rodolphe,Papen,rpapenly@cyberchimps.com
792,ttobylz,Q595iTUL,Tania,Toby,ttobylz@yellowpages.com
793,dhobbemam0,uWOeSKYc,Darn,Hobbema,dhobbemam0@1und1.de
794,jpatrym1,DO22tAgY,Jennette,Patry,jpatrym1@4shared.com
795,jgowansm2,nQvlOaV,Jenn,Gowans,jgowansm2@smugmug.com
796,sconibearm3,yTkoAuJYV,Sofie,Conibear,sconibearm3@myspace.com
797,tmaurom4,72w4gthZ,Torey,Mauro,tmaurom4@woothemes.com
798,mblacklawem5,s16j52kWQ93u,Mollie,Blacklawe,mblacklawem5@ovh.net
799,mmaccurleym6,4b03AEXBa,Merci,MacCurley,mmaccurleym6@bigcartel.com
800,mcarnegym7,mZzlwecUaEk,Moritz,Carnegy,mcarnegym7@creativecommons.org
801,tedgeleym8,0D9QjBmOn0GH,Thom,Edgeley,tedgeleym8@jigsy.com
802,eshirtliffm9,dotMIjNQpbkd,Emlynne,Shirtliff,eshirtliffm9@sbwire.com
803,fjoscelynma,uLbOL69,Frasco,Joscelyn,fjoscelynma@google.com
804,lkruschevmb,R8ZKZA,Leelah,Kruschev,lkruschevmb@ow.ly
805,rfoottitmc,J9aNYC1,Rori,Foottit,rfoottitmc@bloglovin.com
806,clightowlersmd,5Z5kWY1nn,Camey,Lightowlers,clightowlersmd@reverbnation.com
807,clandeauxme,DBcCTZEtyFp,Conn,Landeaux,clandeauxme@ehow.com
808,cfinemf,UCUwjlDJX3MU,Chic,Fine,cfinemf@discuz.net
809,sdominiquemg,1bDH34,Sib,Dominique,sdominiquemg@is.gd
810,mfrancamh,uqUf3T,Malorie,Franca,mfrancamh@google.cn
811,fdresselmi,Qpmgy2Z2T,Florette,Dressel,fdresselmi@youtu.be
812,msoutarmj,1n5qrGlq,Maximilianus,Soutar,msoutarmj@auda.org.au
813,sbrouardmk,UkCC8cOQHJ2,Shena,Brouard,sbrouardmk@theguardian.com
814,eszepeml,tcfjCkO5,Ettie,Szepe,eszepeml@pagesperso-orange.fr
815,gsleneymm,8TdeuoQs,Gabriele,Sleney,gsleneymm@archive.org
816,cgreensitemn,U8qR12eku8y,Claudia,Greensite,cgreensitemn@cdc.gov
817,lhaggletonmo,OT5rIq,Lilia,Haggleton,lhaggletonmo@china.com.cn
818,dgrainemp,U3Epl7tpm,Dinah,Graine,dgrainemp@google.co.jp
819,tspeekmq,0uQzTZLjF8e7,Tremayne,Speek,tspeekmq@blogspot.com
820,kgyppesmr,V4njGmS0,Killian,Gyppes,kgyppesmr@cmu.edu
821,kbonifazioms,aNE395OVkPX,Karyn,Bonifazio,kbonifazioms@macromedia.com
822,ktrippettmt,XrDbvV8l,Karlyn,Trippett,ktrippettmt@delicious.com
823,rwisbymu,PCTKurjj,Rikki,Wisby,rwisbymu@livejournal.com
824,dsambrokmv,65YGgWTQd3l,Deni,Sambrok,dsambrokmv@go.com
825,jcregeenmw,MMiWpu,Josh,Cregeen,jcregeenmw@friendfeed.com
826,ccurthoysmx,MEnZ1Ama7gM,Cheslie,Curthoys,ccurthoysmx@intel.com
827,rbenthallmy,m3qTrT4t,Rhodie,Benthall,rbenthallmy@unicef.org
828,kanthillmz,JnFgZKrpDL,Kaile,Anthill,kanthillmz@123-reg.co.uk
829,cdulsonn0,oIsoH73H9,Camile,Dulson,cdulsonn0@ezinearticles.com
830,floadn1,gihSyJfhUX,Findlay,Load,floadn1@google.cn
831,tmerrettn2,jHKfURjvst,Tallou,Merrett,tmerrettn2@gov.uk
832,sguillemn3,7oNKoWV,Sigfrid,Guillem,sguillemn3@ox.ac.uk
833,anetherwoodn4,BS2JhtNqG,Andris,Netherwood,anetherwoodn4@bandcamp.com
834,tdillandn5,P4SAJTt0Ws8D,Tanny,Dilland,tdillandn5@howstuffworks.com
835,drorken6,3kcMz7RqIVq5,Duff,Rorke,drorken6@eepurl.com
836,peddiesn7,uHtoRuoYHx,Prent,Eddies,peddiesn7@typepad.com
837,dloundn8,VNgbIWv,Dulcea,Lound,dloundn8@elegantthemes.com
838,glaviesn9,h9ncHxa2,Gianna,Lavies,glaviesn9@angelfire.com
839,gluptonna,DwPgggMtG,Gerhardt,Lupton,gluptonna@ovh.net
840,gbridatnb,cPBoGoal,Guillema,Bridat,gbridatnb@github.io
841,sdefontnc,No71TcI,Silvio,Defont,sdefontnc@biglobe.ne.jp
842,apolyend,afaufTA1i,Antonin,Polye,apolyend@1688.com
843,mriglarne,b2UEHShWD0,Maison,Riglar,mriglarne@earthlink.net
844,gfleurynf,MthFggRT9,Ginevra,Fleury,gfleurynf@bing.com
845,rterbeekng,3gyfIimZKdA,Reinhold,Terbeek,rterbeekng@cbc.ca
846,ethorowgoodnh,yy9Bx6yI7wb,Erich,Thorowgood,ethorowgoodnh@fastcompany.com
847,lhogsdenni,pJYE2oe,Laurella,Hogsden,lhogsdenni@acquirethisname.com
848,rputmannj,hXDtktb,Riva,Putman,rputmannj@wired.com
849,gdictenk,cyzEpWA,Giraldo,Dicte,gdictenk@hugedomains.com
850,mbowkleynl,MDSfjybA,Morganne,Bowkley,mbowkleynl@paypal.com
851,bharsesnm,GPmC6tuzu3TD,Brodie,Harses,bharsesnm@nifty.com
852,udalesionn,FGdHLdrh,Una,D'Alesio,udalesionn@google.it
853,vhackingeno,ph04dkJpO,Valaria,Hackinge,vhackingeno@blogtalkradio.com
854,apercynp,shlNgG6,Alethea,Percy,apercynp@skyrock.com
855,abaumannq,dqrxRrUgrg,Arlie,Bauman,abaumannq@rakuten.co.jp
856,gedgellnr,zvruoyIrR,Gerek,Edgell,gedgellnr@hubpages.com
857,ahiddersleyns,TJZVgmUeA,Alwin,Hiddersley,ahiddersleyns@indiatimes.com
858,sliebmannnt,BatHfo2PFcf,Sylvan,Liebmann,sliebmannnt@smugmug.com
859,fwellennu,URClm2N,Frasquito,Wellen,fwellennu@omniture.com
860,ggherardininv,P39yaWIf3,Gennie,Gherardini,ggherardininv@umn.edu
861,wgorriessennw,m7LoOFVcSkdJ,Wolf,Gorriessen,wgorriessennw@cbc.ca
862,kwaggnx,DRDJQB,Kleon,Wagg,kwaggnx@amazon.co.jp
863,htrudgionny,0hs4HZUqQ,Hannie,Trudgion,htrudgionny@altervista.org
864,achomicznz,0TdoPnwXeCpT,Aubrie,Chomicz,achomicznz@illinois.edu
865,pbougeno0,nrXeaknhQj2,Panchito,Bougen,pbougeno0@loc.gov
866,khannamo1,bUmCEmokva2q,Karoly,Hannam,khannamo1@weibo.com
867,hliliano2,fvbHtTZ9i6mL,Hale,Lilian,hliliano2@ycombinator.com
868,cjoberno3,LkxPgRq,Cyndy,Jobern,cjoberno3@nsw.gov.au
869,hgrinleyo4,zUB3pj,Hussein,Grinley,hgrinleyo4@friendfeed.com
870,afoakeso5,YN9UCQl5P,Almeria,Foakes,afoakeso5@bing.com
871,khamblingo6,ep4zdjm4PMB,Karalee,Hambling,khamblingo6@fda.gov
872,mwolitero7,6pwJegSmu,Myrtle,Woliter,mwolitero7@twitter.com
873,bhartzenbergo8,jlROsk,Bevan,Hartzenberg,bhartzenbergo8@sohu.com
874,gfinnerano9,x4o2Ue,Georgia,Finneran,gfinnerano9@dailymotion.com
875,rblencoweoa,c4d5OuNtGx,Rosalinda,Blencowe,rblencoweoa@mayoclinic.com
876,idealeyob,Ww3vwJTw,Iver,Dealey,idealeyob@patch.com
877,ehellieroc,YCVlsnI,Ebeneser,Hellier,ehellieroc@bloomberg.com
878,mriceod,OJEzStEld,Michele,Rice,mriceod@ucsd.edu
879,gkellawayoe,WqH9xQlS,Gustaf,Kellaway,gkellawayoe@amazonaws.com
880,vmintoftof,vtniEA12gH4,Vic,Mintoft,vmintoftof@dell.com
881,sbassettog,iMBSWOa,Sutherland,Bassett,sbassettog@simplemachines.org
882,sderislyoh,fmkv0JBIR,Sherwood,Derisly,sderislyoh@blogspot.com
883,jborgneoi,a3mjmH9g,Johan,Borgne,jborgneoi@wufoo.com
884,cfancourtoj,xvH5c0qlu,Cati,Fancourt,cfancourtoj@diigo.com
885,sbuttersok,BTKPxndnp,Suzi,Butters,sbuttersok@jimdo.com
886,elipmannol,QxbrwW,Elisabeth,Lipmann,elipmannol@home.pl
887,obowldom,xBOyH4zeOH,Olly,Bowld,obowldom@technorati.com
888,tciraldoon,fGcslEg7y,Thelma,Ciraldo,tciraldoon@biglobe.ne.jp
889,hwhitleyoo,t7PZD5aL,Hulda,Whitley,hwhitleyoo@feedburner.com
890,dmcillroyop,5GQTPkaMuy,Dacy,McIllroy,dmcillroyop@meetup.com
891,rocoskerryoq,eytjRE0n,Rinaldo,O'Coskerry,rocoskerryoq@reverbnation.com
892,idemeor,4bW4vSuY,Isaac,Deme,idemeor@bluehost.com
893,fclilverdos,dyqib6GE,Faunie,Clilverd,fclilverdos@free.fr
894,doakenfieldot,nUe8UuJCJ,Den,Oakenfield,doakenfieldot@fema.gov
895,sgallaherou,wrdyuqW,Shawn,Gallaher,sgallaherou@newsvine.com
896,atribellov,tN3KUeL,Agosto,Tribell,atribellov@cdbaby.com
897,mbreawoodow,owrZxb,Mariele,Breawood,mbreawoodow@npr.org
898,hscottsox,XC99ovLjEX,Haskell,Scotts,hscottsox@vkontakte.ru
899,mcicconettiioy,D7ACjkHYhiNZ,Micheil,Cicconettii,mcicconettiioy@google.it
900,kjardinoz,iEasoY73N,Kyle,Jardin,kjardinoz@pbs.org
901,vswettp0,rnVo6Cd51Fea,Violet,Swett,vswettp0@ca.gov
902,khowtopreservep1,psK5zEV2TeKV,Kathy,How to preserve,khowtopreservep1@yale.edu
903,rheyfieldp2,oKaC330LX64l,Raquel,Heyfield,rheyfieldp2@springer.com
904,dforganp3,NnlI3JLq,Dulcy,Forgan,dforganp3@jiathis.com
905,nmcilwrathp4,vVLo1n6XC,Nicol,McIlwrath,nmcilwrathp4@addtoany.com
906,hspybyp5,MjtjyljV2,Haskell,Spyby,hspybyp5@mysql.com
907,phowfordp6,VRw7EMry3d1,Pamella,Howford,phowfordp6@bluehost.com
908,wkolodziejp7,XIoLZmCZL,Winny,Kolodziej,wkolodziejp7@over-blog.com
909,bshottonp8,pKjusHpQA,Bartolemo,Shotton,bshottonp8@auda.org.au
910,jskowcraftp9,B64MMmlrU,Jamal,Skowcraft,jskowcraftp9@reuters.com
911,leassompa,4L2k3tu,Lorrin,Eassom,leassompa@globo.com
912,skerbypb,2tipZ6VMi,Siffre,Kerby,skerbypb@pagesperso-orange.fr
913,ctolletpc,oX348eA,Cathie,Tollet,ctolletpc@statcounter.com
914,fbockhpd,hGisEbKb3mTX,Forster,Bockh,fbockhpd@businessinsider.com
915,ksondlandpe,OXXhRi1pCi9,Kim,Sondland,ksondlandpe@nyu.edu
916,nespositopf,I92eQ6i6,Nata,Esposito,nespositopf@altervista.org
917,tcrecypg,12wFHvjH,Theadora,Crecy,tcrecypg@spotify.com
918,mburstonph,7RCrgKC,Mari,Burston,mburstonph@sfgate.com
919,prouxpi,hW9TOSyU,Preston,Roux,prouxpi@woothemes.com
920,cassafpj,wrgzWgJTj,Clayborn,Assaf,cassafpj@tiny.cc
921,kesslemontpk,IBzAxnz,Koo,Esslemont,kesslemontpk@dell.com
922,agrindellpl,tYEIVc2V,Asa,Grindell,agrindellpl@slideshare.net
923,mfortnonpm,LRarXDA8t,Michaela,Fortnon,mfortnonpm@smh.com.au
924,jfuzzenspn,NEothdfMc88,Jaimie,Fuzzens,jfuzzenspn@timesonline.co.uk
925,gpopo,OGTSCF,Gwenette,Po,gpopo@deliciousdays.com
926,slockettpp,lqtmN2P,Shayna,Lockett,slockettpp@buzzfeed.com
927,lghentpq,GYNDAz,Lib,Ghent,lghentpq@indiegogo.com
928,jcolliverpr,XSIzTl,Jeth,Colliver,jcolliverpr@opensource.org
929,dotsonps,qeUhJ5el,Dyanna,Otson,dotsonps@china.com.cn
930,jsteddallpt,jOH6SO,Jerrie,Steddall,jsteddallpt@vk.com
931,jlatimerpu,lETqx7,Jessica,Latimer,jlatimerpu@netvibes.com
932,dlamartinepv,lvUbRzF,Dael,Lamartine,dlamartinepv@mashable.com
933,rfryerspw,nZzFNR7,Rita,Fryers,rfryerspw@sfgate.com
934,fleblancpx,couUUN,Frederich,Leblanc,fleblancpx@photobucket.com
935,lmcbradypy,YiBCynyNLZT,Livvyy,McBrady,lmcbradypy@blogs.com
936,ccastlemanpz,YeniftZNkoN,Cullan,Castleman,ccastlemanpz@blog.com
937,rmastermanq0,7wMI9TDyUVz,Ree,Masterman,rmastermanq0@163.com
938,kgrosierq1,mta27JC3,Karel,Grosier,kgrosierq1@fc2.com
939,hcrabtreeq2,g3Vl783g,Husein,Crabtree,hcrabtreeq2@army.mil
940,pvernallq3,qmexMb,Pammy,Vernall,pvernallq3@unc.edu
941,ecrosthwaiteq4,ys9cARew,Esdras,Crosthwaite,ecrosthwaiteq4@wp.com
942,relkinsq5,QZ7sAeFUd,Rodrick,Elkins,relkinsq5@clickbank.net
943,rstanbraq6,DKx7Fxs6R,Rhody,Stanbra,rstanbraq6@mlb.com
944,kkibardq7,sNl2uQuBxVJ,Kirstin,Kibard,kkibardq7@mayoclinic.com
945,zcraydonq8,u8fJOxd6zxqy,Zea,Craydon,zcraydonq8@apache.org
946,bvaudq9,mftUEC,Bond,Vaud,bvaudq9@upenn.edu
947,binmanqa,4yt6Amg1Wj,Bamby,Inman,binmanqa@friendfeed.com
948,bbilberyqb,JpTuMcf,Bliss,Bilbery,bbilberyqb@cisco.com
949,ddeguiseqc,gQYTknH0q,Dolley,de Guise,ddeguiseqc@smugmug.com
950,kroscoeqd,WjEDxV8krN9,Karl,Roscoe,kroscoeqd@ocn.ne.jp
951,bgreenawayqe,aW3LCrWSL,Bendix,Greenaway,bgreenawayqe@salon.com
952,omcmeekanqf,ljCdLK44mO,Olivier,McMeekan,omcmeekanqf@unesco.org
953,pmacbaneqg,NrXEQ6o3a,Penni,Macbane,pmacbaneqg@netvibes.com
954,aswadlingqh,nPrZ5fs,Amy,Swadling,aswadlingqh@engadget.com
955,ajancaqi,as4YpSK12,Arny,Janca,ajancaqi@google.es
956,fscraseqj,Nih8GE,Freeman,Scrase,fscraseqj@github.io
957,cstreetonqk,igWVe9lRerVL,Corry,Streeton,cstreetonqk@army.mil
958,ksibbonsql,rKSkv7r3VYX,Kristin,Sibbons,ksibbonsql@japanpost.jp
959,cpassqm,IrSkVubsW8v,Catherin,Pass,cpassqm@mtv.com
960,rhavelinqn,ln7d0S3fsoPn,Ramon,Havelin,rhavelinqn@csmonitor.com
961,lrolfoqo,0bKawIIoCo,Laird,Rolfo,lrolfoqo@sfgate.com
962,tupstoneqp,wgP8wvATWSI,Torre,Upstone,tupstoneqp@hubpages.com
963,orivallantqq,3Zxnow2Pii,Ola,Rivallant,orivallantqq@businessinsider.com
964,ehickinbottomqr,2k8fKe,Emmye,Hickinbottom,ehickinbottomqr@goo.gl
965,adeardenqs,jzhHzgC,Alfred,Dearden,adeardenqs@mit.edu
966,cyarnellqt,BN58SwdFqaCQ,Celestia,Yarnell,cyarnellqt@spotify.com
967,lcheetamqu,8Aq9wlFGRqb,Leonhard,Cheetam,lcheetamqu@yellowbook.com
968,mdaglessqv,A4KirwvlmO4,Marian,Dagless,mdaglessqv@clickbank.net
969,apitfieldqw,txYNqpjEZBP,Aldwin,Pitfield,apitfieldqw@mayoclinic.com
970,iwarwickqx,wODwGClSAs5,Ilyssa,Warwick,iwarwickqx@state.gov
971,vsiemianowiczqy,vkxHs1HqZ,Vite,Siemianowicz,vsiemianowiczqy@blog.com
972,fklewiqz,nyWNHph3,Franny,Klewi,fklewiqz@rediff.com
973,hprener0,MYxqiLp,Harley,Prene,hprener0@merriam-webster.com
974,lshanklinr1,fZlGKQD,Lorrin,Shanklin,lshanklinr1@woothemes.com
975,mgillionsr2,Q0Vf2WKXDMR,Mile,Gillions,mgillionsr2@wufoo.com
976,apeersr3,zIIZEQux8haC,Aprilette,Peers,apeersr3@archive.org
977,jdunner4,DRjHx7Nf1yWy,Jerrold,Dunne,jdunner4@imgur.com
978,anewbornr5,8FALG24BG,Arvie,Newborn,anewbornr5@liveinternet.ru
979,tmattessenr6,5a72CWNy2IG,Tabitha,Mattessen,tmattessenr6@stumbleupon.com
980,epordalr7,wlVjmjtb4,Essa,Pordal,epordalr7@springer.com
981,szorerr8,98uEXDJYI,Sheila,Zorer,szorerr8@ning.com
982,eemigr9,c2SkfLYXHBy,Erich,Emig,eemigr9@businessinsider.com
983,mvigrassra,sa7oX4f6CnyT,Myrtice,Vigrass,mvigrassra@apache.org
984,rtunniclifferb,dPorICKEF,Raviv,Tunnicliffe,rtunniclifferb@facebook.com
985,fskaterc,JlI22zP8nKu,Faulkner,Skate,fskaterc@chicagotribune.com
986,mfreschinird,yTq045TlQ,Malinda,Freschini,mfreschinird@ebay.co.uk
987,asummersettre,Hcbh72JNAz9,Antonia,Summersett,asummersettre@soup.io
988,mmandelrf,k7E7y4V1v,Miriam,Mandel,mmandelrf@smh.com.au
989,agiacobborg,GGblcAJ8Y,Antonia,Giacobbo,agiacobborg@parallels.com
990,mbraemerrh,aRd6VB1,Major,Braemer,mbraemerrh@squarespace.com
991,mwithropri,dPjUi4bnJE,Marci,Withrop,mwithropri@google.it
992,gandrejsrj,utCXTHz,Gonzalo,Andrejs,gandrejsrj@wisc.edu
993,kmcdermotrk,SpfJZdOxQH,Kristine,McDermot,kmcdermotrk@simplemachines.org
994,wvernazzarl,Eaa1cC47SBr0,Way,Vernazza,wvernazzarl@mlb.com
995,cclaridgerm,WYrzFqYuKgT,Chicky,Claridge,cclaridgerm@ucoz.com
996,mhowittrn,AwtxfFg,Melodie,Howitt,mhowittrn@cbslocal.com
997,cjanssenro,bpet7R338M,Christie,Janssen,cjanssenro@paginegialle.it
998,abrownerp,mQyF81ftqPI,Abran,Browne,abrownerp@shutterfly.com
999,btalbotrq,lhhXkuAmgy,Billie,Talbot,btalbotrq@cnbc.com
1000,lcradickrr,u4ggkyA9Rq8s,Link,Cradick,lcradickrr@github.io
